conceptType,conceptUri,preferredLabel,status,altLabels,description,broaderConceptUri,broaderConceptPT
Occupation,http://data.europa.eu/esco/occupation/01ffb917-98dc-48c1-91ad-93c4104e791d,biolääketieteen insinööri,released,,"Biolääketieteen insinöörit yhdistävät teknisen osaamisen ja biologiset löydökset lääketieteellisten hoitojen ja lääkkeiden sekä yleisen terveydenhuollon kehittämiseen. He voivat kehittää ratkaisuja, jotka vaihtelevat tavanomaisten lääkkeiden komponenttien parantamisesta implanttien kehittämiseen ja kudosten käsittelyyn.",http://data.europa.eu/esco/occupation/f9433fdb-dde1-46cf-9e91-b49d243946a7,biotekniikan insinööri
Occupation,http://data.europa.eu/esco/occupation/0611f232-b30e-46c7-9c26-2d59b1448e79,kriminologi,released,kriminologian tutkija,"Kriminologit tutkivat inhimillisiä olosuhteita, kuten sosiaalisia ja psykologisia tekijöitä, jotka voivat johtaa rikoksen tekemiseen. He tarkastelevat ja analysoivat erilaisia tekijöitä, kuten epäiltyjen käyttäytymistä, sosiaalista taustaa ja ympäristöä, ja neuvovat organisaatioita rikollisuuden ehkäisemisessä.",http://data.europa.eu/esco/isco/C2632,Yhteiskunta- ja kulttuuritutkijat
Occupation,http://data.europa.eu/esco/occupation/0959cd1d-f6c8-4362-939a-ad7d5f75d659,taloustieteen lehtori,released,taloustieteen professori | taloustieteen opettaja,"Taloustieteen lehtorit ovat professoreja, apulaisprofessoreja, opettajia, lehtoreita, tuntiopettajia tai mentoreita, jotka opettavat opiskelijoita omalla erikoisalallaan eli taloustieteessä. He kehittävät opetussuunnitelmia, valmistelevat kursseja (luentoja, käytännön oppitunteja, seminaareja, koulutusta jne.), valvovat oppimistuloksia ja antavat opinto-ohjausta. He tekevät akateemista tutkimusta taloustieteen alalla ja esittelevät havaintojaan konferensseissa ja julkaisuissa. He osallistuvat myös joihinkin yliopistojen hallintotehtäviin.",http://data.europa.eu/esco/occupation/684fd8d5-9b40-4b02-a680-438f0082d923,"lehtori, yliopistot ja korkeakoulut"
Occupation,http://data.europa.eu/esco/occupation/0bf5d25a-2b4d-43b5-b053-beeb210fa43a,lääketieteen lehtori,released,lääketieteen opettaja | lääketieteen tohtori,"Lääketieteen lehtorit ovat professoreita, opettajia tai lehtoreita, ja usein opetusta antavat myös lääkärit, jotka ovat suorittaneet ylemmän toisen asteen tutkinnon omassa erikoisalallaan eli lääketieteessä, joka on pääasiassa teoreettista. He tekevät yhteistyötä tutkimusavustajien ja yliopiston opetusassistenttien kanssa luentojen ja tenttien valmistelemisessa, seminaaritöiden ja tenttien arvioinnissa, laboratorioharjoitusten ohjaamisessa sekä opiskelijoiden arviointi- ja palautetilaisuuksien järjestämisessä. He tekevät myös akateemista tutkimusta omalla lääketieteen alallaan, julkaisevat havaintojaan ja tekevät yhteistyötä muiden yliopistokollegojen kanssa.",http://data.europa.eu/esco/occupation/684fd8d5-9b40-4b02-a680-438f0082d923,"lehtori, yliopistot ja korkeakoulut"
Occupation,http://data.europa.eu/esco/occupation/0c7c9606-fde3-4658-8136-8fe0c9b8bd09,lääkinnällisten laitteiden suunnittelija,released,"insinööri, lääkinnällisten laitteiden tekninen suunnittelu","Lääkinnällisten laitteiden suunnittelijat suunnittelevat ja kehittävät lääketieteellis-teknisiä järjestelmiä, laitteistoja sekä sydämentahdistimien, magneettikuvauslaitteiden ja röntgenlaitteiden kaltaisia laitteita. He seuraavat koko valmistusprosessia konseptin suunnittelusta tuotteen toteuttamiseen. Tähän sisältyviä toimia ovat muun muassa tuoteparannusten suunnittelu, menetelmien ja tekniikoiden kehittäminen suunnittelun asianmukaisuuden arvioimiseksi, tuotannon alkuvaiheen koordinointi, testausmenetelmien kehittäminen ja tuotantokaavioiden laatiminen.",http://data.europa.eu/esco/occupation/4d34a9ee-2653-4da0-bef7-f59294577224,elektroniikkainsinööri
Occupation,http://data.europa.eu/esco/occupation/0cd729a6-ed11-4338-ac4b-d4b924390128,historioitsija,released,historiantutkija,"Historioitsijat tutkivat, analysoivat, tulkitsevat ja esittelevät ihmisten yhteiskuntien menneisyyttä. He analysoivat vanhoja asiakirjoja, lähteitä ja jäänteitä ymmärtääkseen aiempia yhteiskuntia.",http://data.europa.eu/esco/isco/C2633,"Historioitsijat, politiikan tutkijat ja filosofit"
Occupation,http://data.europa.eu/esco/occupation/0d93706d-32fd-4de3-aa08-be1003e325da,kemisti,released,analyyttinen kemisti | analyysikemisti | ympäristökemisti,"Kemistit tekevät laboratoriotutkimuksia, joissa testataan ja analysoidaan aineiden kemiallista rakennetta. He muuntavat tutkimustulokset teollisiksi tuotantoprosesseiksi, joita hyödynnetään sen jälkeen tuotteiden kehittämisessä tai parantamisessa. Kemistit testaavat myös valmistettujen tuotteiden laatua ja niiden ympäristövaikutuksia.",http://data.europa.eu/esco/isco/C2113,Kemistit
Occupation,http://data.europa.eu/esco/occupation/10291962-c0c7-4e5b-a7ed-0762b4d9b010,farmakologi,released,,"Farmakologit tutkivat sitä, miten lääkkeet ja lääkeaineet ovat vuorovaikutuksessa elävien organismien, eloperäisten järjestelmien ja niiden osien (eli solujen, kudosten tai elinten) kanssa. Heidän tutkimuksensa tavoitteena on yksilöidä aineet, joita ihmiset voivat nauttia ja joiden biokemiallisilla vaikutuksilla voidaan parantaa sairauksia.",http://data.europa.eu/esco/isco/C2131,"Biologit, kasvi- ja eläintieteilijät ym. erityisasiantuntijat"
Occupation,http://data.europa.eu/esco/occupation/116b4c55-5bd0-41e9-9227-98d7ecffeaf6,sosiologian lehtori,released,sosiologian tohtori | sosiologian opettaja,"Sosiologian lehtorit ovat professoreja, opettajia tai lehtoreita, jotka ovat suorittaneet ylemmän toisen asteen tutkinnon omalla erikoisalallaan eli sosiologiassa, ja he antavat opetusta, joka on pääasiassa akateemista. He tekevät yhteistyötä tutkimusavustajien ja yliopiston opetusassistenttien kanssa luentojen ja tenttien valmistelemisessa, seminaaritöiden ja tenttien arvioinnissa sekä opiskelijoiden arviointi- ja palautetilaisuuksien järjestämisessä. He tekevät myös akateemista tutkimusta omalla sosiologian erikoisalallaan, julkaisevat havaintojaan ja tekevät yhteistyötä muiden yliopistokollegojen kanssa.",http://data.europa.eu/esco/occupation/684fd8d5-9b40-4b02-a680-438f0082d923,"lehtori, yliopistot ja korkeakoulut"
Occupation,http://data.europa.eu/esco/occupation/11a6d0f6-e692-4774-aa5f-193b67d31022,kinesiologi,released,,"Kinesiologit opiskelevat ja tutkivat kehon sekä sen lihasten ja osien liikettä. He analysoivat ja käyttävät tieteellistä tietoa ja menetelmiä pyrkiessään parantamaan (yleensä ihmisten) kehon liikkuvuutta. Heillä on perinpohjainen tietämys esimerkiksi fysiologiasta, kinetiikasta, neurologiasta ja biologiasta. He ottavat huomioon, että tietyt tekijät, kuten kehon kunto, vaikuttavat liikkeeseen, ja kehittävät ratkaisuja yleisen mekaniikan ja liikkuvuuden parantamiseksi.",http://data.europa.eu/esco/isco/C2269,Muut terveydenhuollon erityisasiantuntijat
Occupation,http://data.europa.eu/esco/occupation/11b6390b-1e48-4903-a5df-d3e04b451a19,kosmetiikkakemisti,released,tutkimuskemisti | kosmeettinen kemisti | tuotekehityskemisti,"Kosmetiikkakemistit kehittävät reseptejä, joilla voidaan luoda ja kehittää uusia ja parantaa nykyisiä kosmetiikkatuotteita, kuten hajuvesiä ja tuoksuja, huulipunia, vedenkestäviä voiteita ja meikkejä, hiusvärejä, saippuoita ja pesuaineita, joilla on erikoisominaisuuksia, paikallisesti käytettäviä lääkkeitä tai ravintolisiä.",http://data.europa.eu/esco/occupation/0d93706d-32fd-4de3-aa08-be1003e325da,kemisti
Occupation,http://data.europa.eu/esco/occupation/11d72bd6-779a-4643-9962-313833740094,ympäristötutkija,released,ympäristökemisti,"Ympäristötutkijat tunnistavat ongelmia ja etsivät niihin ratkaisuja minimoidakseen ympäristölle aiheutuvat vaarat analysoimalla esimerkiksi ilmasta, vedestä tai maaperästä otettuja näytteitä. He antavat neuvoja ympäristöpolitiikasta tai kehittävät sitä ja pyrkivät parantamaan vesihuolto- ja jätehuoltolaitosten toimintaa. Ympäristötutkijat tekevät ympäristövaarojen arviointeja ja analysoivat uusien ratkaisujen, rakennustyömaiden tai ympäristömuutosten aiheuttamia ympäristövaikutuksia. Lisäksi he varmistavat, että ympäristösäädöksiä noudatetaan.",http://data.europa.eu/esco/isco/C2133,Ympäristön- ja luonnonsuojelun erityisasiantuntijat
Occupation,http://data.europa.eu/esco/occupation/11df8941-508c-4103-ad40-52cdf9430a59,sosiologi,released,,"Sosiologit keskittyvät tutkimaan sosiaalista käyttäytymistä ja sitä, miten ihmiset ovat järjestäytyneet yhteiskunnaksi. He tutkivat ja selittävät yhteiskuntien kehittymistä kuvaamalla niiden oikeudellisia, poliittisia ja taloudellisia järjestelmiä sekä niiden kulttuurisia ilmentymiä.",http://data.europa.eu/esco/isco/C2632,Yhteiskunta- ja kulttuuritutkijat
Occupation,http://data.europa.eu/esco/occupation/1738173e-ef9c-4222-88c8-b6aa9bad3cf7,biofyysikko,released,bioteknikko,"Biofyysikot tutkivat elävien organismien ja fysiikan välistä suhdetta. He tekevät eläviin organismeihin kohdistuvaa tutkimusta, joka perustuu fysiikan menetelmiin. Tällaisen tutkimuksen tarkoituksena on selittää elämän monimuotoisuutta, ennakoida malleja ja tehdä johtopäätöksiä elämän eri osa-alueista. Biofyysikoiden tutkimusalueita ovat DNA, proteiinit, molekyylit, solut ja ympäristöt.",http://data.europa.eu/esco/occupation/eee68e13-8248-43bb-a9fb-959832a6c217,biologi
Occupation,http://data.europa.eu/esco/occupation/19db5ad1-ffbf-41a0-8746-d3878f0d5dbd,mediatutkija,released,,"Mediatutkijat tutkivat tiedotusvälineiden roolia ja vaikutuksia yhteiskunnassa. He tarkkailevat ja dokumentoivat erilaisten viestimien, kuten sanomalehtien, radion ja television, käyttöä sekä yhteiskunnan reaktioita.",http://data.europa.eu/esco/occupation/acf69cab-8629-45c8-ae10-c8fb15f474b6,antropologi
Occupation,http://data.europa.eu/esco/occupation/1bbaf82c-67ae-4beb-9a55-7298acf5b2af,"lehtori, hoitotyö",released,"opettaja, hoitotyö | professori, hoitotyö","Hoitotyön lehtorit ovat yleensä professoreita, opettajia tai lehtoreita, ja usein lääkäreitä, jotka ovat suorittaneet ylemmän toisen asteen tutkinnon omalla erikoisalallaan eli hoitotyössä, ja he antavat opetusta, joka on pääasiassa akateemista. He tekevät yhteistyötä tutkimusavustajien ja yliopiston opetusassistenttien kanssa luentojen ja tenttien valmistelemisessa, seminaaritöiden ja tenttien arvioinnissa, laboratorioharjoitusten ohjaamisessa sekä opiskelijoiden arviointi- ja palautetilaisuuksien järjestämisessä. He tekevät myös akateemista tutkimusta omalla hoitotyön erikoisalallaan, julkaisevat havaintojaan ja tekevät yhteistyötä muiden yliopistokollegojen kanssa.",http://data.europa.eu/esco/occupation/684fd8d5-9b40-4b02-a680-438f0082d923,"lehtori, yliopistot ja korkeakoulut"
Occupation,http://data.europa.eu/esco/occupation/1c862e14-80f8-4aa8-8f1c-fd2ca95b63ad,meteorologi,released,ilmatieteilijä | säätieteilijä,"Meteorologit tutkivat ilmastoprosesseja, mittaavat ja ennustavat sääolosuhteita ja tarjoavat konsultointipalveluja erilaisille säätietojen käyttäjille. He tekevät sääennusteen laatimisessa käytettäviä malleja, kehittävät välineitä, joilla kerätään säätietoja, ja kokoavat tilastoja ja tietokantoja.",http://data.europa.eu/esco/isco/C2112,Meteorologit
Occupation,http://data.europa.eu/esco/occupation/2026adb2-62d7-4b92-9ccb-105abdebe37d,"insinööri, sähkömagnetiikka",released,,"Sähkömagneetiikan insinöörit suunnittelevat ja kehittävät sähkömagneettisia järjestelmiä, laitteita ja komponentteja, joita ovat esimerkiksi kaiuttimissa oleva sähkömagneetit, sähkömagneettiset lukot, magneettikuvauslaitteissa olevat suprajohtavat magneetit ja sähkömoottoreissa olevat magneetit.",http://data.europa.eu/esco/occupation/86ca306c-ab99-420a-9e2a-aa73c5c4de22,sähköinsinööri
Occupation,http://data.europa.eu/esco/occupation/203ea2ee-bbee-4aaf-83d7-2f2225f916e3,arkeologi,released,meriarkeologi | muinaistutkija,"Arkeologit tutkivat menneitä sivilisaatioita ja asuinalueita keräämällä ja tutkimalla materiaalien jäänteitä. He analysoivat monia eri aiheita, kuten hierarkiajärjestelmiä, lingvistiikkaa, kulttuuria ja politiikkaa, ja tekevät niistä päätelmiä, jotka perustuvat kansoilta jääneiden esineiden, rakenteiden, fossiileiden, jäänteiden ja artefaktien tutkimukseen. Arkeologit käyttävät erilaisia monitieteellisiä menetelmiä, kuten stratigrafiaa, typologiaa, 3D-analyysia, matematiikkaa ja mallintamista.",http://data.europa.eu/esco/isco/C2632,Yhteiskunta- ja kulttuuritutkijat
Occupation,http://data.europa.eu/esco/occupation/25829508-63f3-41c3-affc-ddbb5c077930,fysiologi,released,fysiologian tutkija,"Fysiologi opiskelevat ja tutkivat erilaisten elävien organismien toimintaa, sitä, mistä ne koostuvat ja niiden vuorovaikutusta. He ymmärtävät, millä tavalla eloperäiset järjestelmät reagoivat sairauksien, liikunnan ja stressin kaltaisiin tekijöihin, ja hyödyntävät näitä tietoja kehittääkseen menetelmiä ja ratkaisuja, joilla voidaan tasoittaa niitä vaikutuksia, joita näillä ärsykkeillä on eläviin organismeihin.",http://data.europa.eu/esco/occupation/eee68e13-8248-43bb-a9fb-959832a6c217,biologi
Occupation,http://data.europa.eu/esco/occupation/258e46f9-0075-4a2e-adae-1ff0477e0f30,datatutkija,released,datatutkijat | hakutietotutkija | hakutietotutkijat,"Datatutkijat etsivät ja tulkitsevat runsaita tietolähteitä, hallinnoivat suuria tietomääriä, yhdistävät tiedonlähteitä, varmistavat tietoaineistojen yhdenmukaisuuden ja luovat visualisointeja tietojen ymmärtämisen tueksi. He laativat matemaattisia malleja käyttäen tietoja, esittelevät ja välittävät tietoa ja löydöksiä tiiminsä asiantuntijoille ja tutkijoille ja tarvittaessa muille kuin asiantuntijoille sekä suosittelevat tietojen soveltamistapoja.",http://data.europa.eu/esco/isco/C2511,Sovellusarkkitehdit
Occupation,http://data.europa.eu/esco/occupation/30058b71-fe16-45ea-a2b8-d5461c706372,liiketalouden lehtori,released,liiketalouden professori | liiketalouden opettaja,"Liiketalouden lehtorit ovat yleensä professoreita, opettajia tai lehtoreita, jotka ovat suorittaneet ylemmän toisen asteen tutkinnon omalla erikoisalallaan eli liiketaloudessa, ja he antavat opetusta, joka on pääasiassa akateemista. He tekevät yhteistyötä tutkimusavustajien ja yliopiston opetusassistenttien kanssa luentojen ja tenttien valmistelemisessa, seminaaritöiden ja tenttien arvioinnissa sekä opiskelijoiden arviointi- ja palautetilaisuuksien järjestämisessä. He tekevät myös akateemista tutkimusta omalla liiketalouden erikoisalallaan, julkaisevat havaintojaan ja tekevät yhteistyötä muiden yliopistokollegojen kanssa.",http://data.europa.eu/esco/occupation/684fd8d5-9b40-4b02-a680-438f0082d923,"lehtori, yliopistot ja korkeakoulut"
Occupation,http://data.europa.eu/esco/occupation/306e9867-cf55-446f-88c6-8adad5369f8c,geotieteen lehtori,released,geotieteen opettaja | geotieteen professori,"Geotieteen lehtorit ovat professoreja, opettajia tai lehtoreita, jotka ovat suorittaneet ylemmän toisen asteen tutkinnon omalla erikoisalallaan eli geotieteessä, ja he antavat opetusta, joka on pääasiassa akateemista. He tekevät yhteistyötä tutkimusavustajien ja yliopiston opetusassistenttien kanssa luentojen ja tenttien valmistelemisessa, seminaaritöiden ja tenttien arvioinnissa sekä opiskelijoiden arviointi- ja palautetilaisuuksien järjestämisessä. He tekevät myös akateemista tutkimusta omalla geotieteen erikoisalallaan, julkaisevat havaintojaan ja tekevät yhteistyötä muiden yliopistokollegojen kanssa.",http://data.europa.eu/esco/occupation/684fd8d5-9b40-4b02-a680-438f0082d923,"lehtori, yliopistot ja korkeakoulut"
Occupation,http://data.europa.eu/esco/occupation/35d41f4f-334b-452e-9e31-99f376302493,"insinööri, optoelektroniikka",released,,"Optoelektroniikan insinöörit suunnittelevat ja kehittävät optoelektronisia järjestelmiä ja laitteita, kuten UV-antureita, valodiodeja ja ledejä. Optoelektronisessa tekniikassa yhdistetään optinen tekniikka ja sähkötekniikka näiden järjestelmien ja laitteiden suunnitteluun. He tekevät tutkimusta ja analyyseja sekä testaavat laitteita ja ohjaavat tutkimusta.",http://data.europa.eu/esco/occupation/4d34a9ee-2653-4da0-bef7-f59294577224,elektroniikkainsinööri
Occupation,http://data.europa.eu/esco/occupation/3af4d6be-90b5-41f6-be06-3330dab3df73,sosiaalityön tutkija,released,,"Sosiaalityön tutkijat vastaavat tutkimushankkeista, joiden tavoitteena on tutkia ja laatia selvityksiä sosiaalisista kysymyksistä. He keräävät ensin tietoa haastatteluilla, kohderyhmillä ja kyselytutkimuksilla. Sen jälkeen he järjestävät j analysoivat kerätyt tiedot tietokoneohjelmistoilla. He analysoivat sosiaalisia ongelmia ja tarpeita sekä erilaisia tapoja ja tekniikoita, joilla niihin voidaan vastata.",http://data.europa.eu/esco/occupation/11df8941-508c-4103-ad40-52cdf9430a59,sosiologi
Occupation,http://data.europa.eu/esco/occupation/3c305542-a51b-4b96-8d45-af11ca05eaa2,eläinlääketieteen lehtori,released,eläinlääketieteen opettaja | eläinlääketieteen tohtori,"Eläinlääketieteen lehtorit ovat professoreita, opettajia tai lehtoreita, ja usein lääkäreitä, jotka ovat suorittaneet ylemmän toisen asteen tutkinnon omassa erikoisalallaan eli eläinlääketieteessä, ja he antavat opetusta, joka on pääasiassa akateemista. He tekevät yhteistyötä tutkimusavustajien ja yliopiston opetusassistenttien kanssa luentojen ja tenttien valmistelemisessa, seminaaritöiden ja tenttien arvioinnissa, laboratorioharjoitusten ohjaamisessa sekä opiskelijoiden arviointi- ja palautetilaisuuksien järjestämisessä. He tekevät myös akateemista tutkimusta omalla eläinlääketieteen erikoisalallaan, julkaisevat havaintojaan ja tekevät yhteistyötä muiden yliopistokollegojen kanssa.",http://data.europa.eu/esco/occupation/684fd8d5-9b40-4b02-a680-438f0082d923,"lehtori, yliopistot ja korkeakoulut"
Occupation,http://data.europa.eu/esco/occupation/3d7a1284-824c-47d9-8387-b8e1cd5888b5,hammaslääketieteen lehtori,released,hammaslääketieteen opettaja | hammaslääketieteen professori,"Hammaslääketieteen lehtorit ovat yleensä professoreita, opettajia tai lehtoreita, ja usein lääkäreitä, jotka ovat suorittaneet ylemmän toisen asteen tutkinnon omalla erikoisalallaan eli hammaslääketieteessä, ja he antavat opetusta, joka on pääasiassa akateemista. He tekevät yhteistyötä tutkimusavustajien ja yliopiston opetusassistenttien kanssa luentojen ja tenttien valmistelemisessa, seminaaritöiden ja tenttien arvioinnissa, laboratorioharjoitusten ohjaamisessa sekä opiskelijoiden arviointi- ja palautetilaisuuksien järjestämisessä. He tekevät myös akateemista tutkimusta omalla hammaslääketieteen erikoisalallaan, julkaisevat havaintojaan ja tekevät yhteistyötä muiden yliopistokollegojen kanssa.",http://data.europa.eu/esco/occupation/684fd8d5-9b40-4b02-a680-438f0082d923,"lehtori, yliopistot ja korkeakoulut"
Occupation,http://data.europa.eu/esco/occupation/3dbd758c-6dc0-41fe-8248-2250c9bfa4ab,klimatologi,released,ilmastotieteilijä | ilmatieteilijä | ilmastotutkija,"Klimatologit tutkivat sään ja ilmaston keskimääräistä muutosta pitkällä aikavälillä. He tutkivat ja analysoivat historiallisia sääoloja, jotta he voivat tehdä ennusteita ilmasto-olojen suuntauksista, kuten lämpötilan muutoksista, ilmaston lämpenemisestä tai alueellisesti kehittyvistä sääoloista. He hyödyntävät näitä havaintoja ympäristöpolitiikkaa, rakentamista, maataloushankkeita ja yhteiskunnallisia kysymyksiä koskevassa neuvonnassa.",http://data.europa.eu/esco/occupation/1c862e14-80f8-4aa8-8f1c-fd2ca95b63ad,meteorologi
Occupation,http://data.europa.eu/esco/occupation/3f7b7ce5-94b6-4e0c-98e7-a4ee5a6accf4,toksikologi,released,toksikologian tutkija,"Toksikologit tutkivat vaikutuksia, joita kemiallisilla aineilla tai biologisilla ja fysikaalisilla aineilla on eläviin organismeihin, ja etenkin ympäristöön sekä eläinten ja ihmisten terveyteen. He määrittävät, minkä suuruiselle annokselle altistuminen aiheuttaa myrkyllisiä vaikutuksia ympäristöön, ihmisiin ja eläviin organismeihin. He tekevät myös kokeita eläimillä ja soluviljelmillä.",http://data.europa.eu/esco/occupation/eee68e13-8248-43bb-a9fb-959832a6c217,biologi
Occupation,http://data.europa.eu/esco/occupation/441a5b76-2f51-4704-9df7-3b8e715dd3ad,käyttäytymistieteilijä,released,,"Käyttäytymistieteilijät tutkivat, havainnoivat ja kuvaavat ihmisten käyttäytymisestä yhteiskunnassa. He tekevät päätelmiä motiiveista, jotka saavat ihmiset toimimaan, tarkkailevat erilaisten käyttäytymismallien olosuhteita ja kuvaavat erilaisia persoonallisuustyyppejä. He neuvovat järjestöjä ja hallintoelimiä tällä alalla. He voivat myös analysoida eläinten käyttäytymistä.",http://data.europa.eu/esco/isco/C2632,Yhteiskunta- ja kulttuuritutkijat
Occupation,http://data.europa.eu/esco/occupation/479ede81-bd51-4f3b-9d30-4910699fd211,journalismin lehtori,released,journalismin professori | journalistiikan opettaja | journalismin opettaja | mediatutkimuksen opettaja | mediatutkimuksen lehtori | journalistiikan professori | journalistiikan lehtori,"Journalismin lehtorit ovat yleensä professoreita, opettajia tai lehtoreita, jotka ovat suorittaneet ylemmän toisen asteen tutkinnon omalla erikoisalallaan eli journalismin ja median alalla, ja he antavat opetusta, joka on pääasiassa akateemista. He työskentelevät yliopistojen tutkimusavustajina ja korkeakoulujen opetusavustajina luentojen ja tenttien valmistelussa, kokeissa ja kokeissa sekä opiskelijoiden johtamisessa läpikäymiseen ja palautejaksojen järjestämiseen. He tekevät myös akateemista tutkimusta omalla erikoisalallaan (journalismi ja media), julkaisevat havaintojaan ja tekevät yhteistyötä muiden yliopistokollegojen kanssa.",http://data.europa.eu/esco/occupation/684fd8d5-9b40-4b02-a680-438f0082d923,"lehtori, yliopistot ja korkeakoulut"
Occupation,http://data.europa.eu/esco/occupation/49023c69-302f-4671-b26f-7229d1a53915,viestinnän lehtori,released,viestinnän professori | viestinnän opettaja,"Viestinnän lehtorit ovat yleensä professoreita, opettajia tai lehtoreita, jotka ovat suorittaneet ylemmän toisen asteen tutkinnon omalla erikoisalallaan eli viestinnässä, ja he antavat opetusta, joka on pääasiassa akateemista. He tekevät yhteistyötä tutkimusavustajien ja yliopiston opetusassistenttien kanssa luentojen ja tenttien valmistelemisessa, seminaaritöiden ja tenttien arvioinnissa sekä opiskelijoiden arviointi- ja palautetilaisuuksien järjestämisessä. He tekevät myös akateemista tutkimusta omalla viestinnän erikoisalallaan, julkaisevat havaintojaan ja tekevät yhteistyötä muiden yliopistokollegojen kanssa.",http://data.europa.eu/esco/occupation/684fd8d5-9b40-4b02-a680-438f0082d923,"lehtori, yliopistot ja korkeakoulut"
Occupation,http://data.europa.eu/esco/occupation/4b759f0e-8fec-4cf5-80d4-d112a9fd4e51,merentutkija,released,merigeologi | mertentutkija | meribiologi | valtameritutkija,"Merentutkijat tarkkailevat ja tutkivat meriin ja valtameriin liittyviä asioita. Merentutkijoiden asiantuntemus jaetaan eri tutkimushaaroihin, jotka ovat fysikaalinen merentutkimus (aallot ja vuorovesi), kemiallinen merentutkimus (merivesien kemiallinen koostumus) ja geologinen merentutkimus (merenpohjat ja niiden alla olevat laatat).
   ",http://data.europa.eu/esco/occupation/c6196b21-20f9-4608-83fb-6f143afc740d,geologi
Occupation,http://data.europa.eu/esco/occupation/4e8a5d3e-66de-4661-9927-ef3123cc79e9,arkkitehtuurin lehtori,released,arkkitehtuurin opettaja | arkkitehtuurin professori,"Arkkitehtuurin lehtorit ovat yleensä professoreita, opettajia tai lehtoreita, jotka ovat suorittaneet ylemmän toisen asteen tutkinnon omalla erikoisalallaan eli arkkitehtuurissa, ja he antavat opetusta, joka on pääasiassa akateemista. He tekevät yhteistyötä tutkimusavustajien ja yliopiston opetusassistenttien kanssa luentojen ja tenttien valmistelemisessa, seminaaritöiden ja tenttien arvioinnissa sekä opiskelijoiden arviointi- ja palautetilaisuuksien järjestämisessä. He tekevät myös akateemista tutkimusta omalla arkkitehtuurin erikoisalallaan, julkaisevat havaintojaan ja tekevät yhteistyötä muiden yliopistokollegojen kanssa.",http://data.europa.eu/esco/occupation/684fd8d5-9b40-4b02-a680-438f0082d923,"lehtori, yliopistot ja korkeakoulut"
Occupation,http://data.europa.eu/esco/occupation/4f4d33a1-0b41-4dd9-8a42-aeba5a3974ab,"insinööri, sensoritekniikka",released,,"Sensoritekniikkaan erikoistuneet insinöörit suunnittelevat ja kehittävät sensoreita, sensorijärjestelmiä ja tuotteita, jotka on varustettu sensoreilla. He suunnittelevat ja valvovat näiden tuotteiden valmistusta.",http://data.europa.eu/esco/occupation/4d34a9ee-2653-4da0-bef7-f59294577224,elektroniikkainsinööri
Occupation,http://data.europa.eu/esco/occupation/4f89b0d2-b666-4890-af01-25d1d60da1f3,politiikan tutkija,released,"tutkija, politiikka | valtiotieteilijä","Politiikan tutkijat tutkivat poliittista käyttäytymistä, toimintaa ja järjestelmiä, mukaan lukien niihin sisältyvät elementit. Kenttätutkimukset ulottuvat eri poliittisten järjestelmien alkuperästä ja kehityksestä ajankohtaisiin kysymyksiin, kuten päätöksentekoprosesseihin, poliittiseen käyttäytymiseen, poliittisiin suuntauksiin, yhteiskuntaan ja valtasuhteisiin. He neuvovat hallituksia ja institutionaalisia organisaatioita hallintoasioissa.",http://data.europa.eu/esco/isco/C2633,"Historioitsijat, politiikan tutkijat ja filosofit"
Occupation,http://data.europa.eu/esco/occupation/52ded7d7-11df-42e3-b90a-d7f4b70fb4b9,psykologi,released,,"Psykologit tutkivat ihmisten käyttäytymistä ja henkisiä prosesseja. He tarjoavat palveluja asiakkaille, joilla on mielenterveysongelmia ja vaikeita elämäntilanteita, kuten surua, parisuhdeongelmia, perheväkivaltaa ja seksuaalista hyväksikäyttöä. He antavat myös neuvontaa mielenterveysongelmista, kuten syömishäiriöistä, traumaperäisistä stressihäiriöistä ja psykoosista, jotta asiakkaat voivat kuntoutua ja oppia terveellisiä käyttäytymismalleja.",http://data.europa.eu/esco/isco/C2634,Psykologit
Occupation,http://data.europa.eu/esco/occupation/55167849-82cf-484e-b818-fa702a4e69e9,hydrologi,released,hydrobiologi,"Hydrologit tutkivat ja opiskelevat maapallolla olevan veden laatua sekä veteen liittyviä nykyisiä haasteita ja sen jakelua. He tutkivat joista, virroista ja lähteistä saatavaa vettä, jotta voidaan selvittää, miten niitä voidaan käyttää asianmukaisesti ja kestävästi. Yhdessä moniammatillisen työryhmän kanssa he suunnittelevat ja kehittävät veden jakelua kaupungeille ja kaupunkialueille siten, että samalla voidaan varmistaa tehokkuus ja luonnonvarojen säilyttäminen.",http://data.europa.eu/esco/occupation/c6196b21-20f9-4608-83fb-6f143afc740d,geologi
Occupation,http://data.europa.eu/esco/occupation/557f9ccc-4e46-4bb2-8d20-272cd978b152,eläinlääketieteen tutkija,released,,"Eläinlääketieteen tutkijat kehittävät ja tutkivat eläinmalleja, vertailevat eläinten perusbiologiaa ja soveltavat tutkimustuloksia, jotta niitä voidaan käyttää eri lajien, myös ihmisten, hyväksi.",http://data.europa.eu/esco/isco/C2250,Eläinlääkärit
Occupation,http://data.europa.eu/esco/occupation/55a785db-0636-41b8-950f-0b65abe5e81b,farmasian lehtori,released,farmasian opettaja | farmasian professori,"Farmasian lehtorit ovat yleensä professoreita, opettajia tai lehtoreita, jotka ovat suorittaneet ylemmän toisen asteen tutkinnon omalla erikoisalallaan eli farmasiassa, ja he antavat opetusta, joka on pääasiassa akateemista. He tekevät yhteistyötä tutkimusavustajien ja yliopiston opetusassistenttien kanssa luentojen ja tenttien valmistelemisessa, laboratorioharjoitusten ohjaamisessa, seminaaritöiden ja tenttien arvioinnissa sekä opiskelijoiden arviointi- ja palautetilaisuuksien järjestämisessä. He tekevät myös akateemista tutkimusta omalla farmasian erikoisalallaan, julkaisevat havaintojaan ja tekevät yhteistyötä muiden yliopistokollegojen kanssa.",http://data.europa.eu/esco/occupation/684fd8d5-9b40-4b02-a680-438f0082d923,"lehtori, yliopistot ja korkeakoulut"
Occupation,http://data.europa.eu/esco/occupation/574f3232-1d07-4034-8cac-c57ddbfff192,analyysikemisti,released,analyyttinen kemisti,"Analyysikemistit tutkivat ja kuvaavat aineiden kemiallista koostumusta. Lisäksi he tekevät päätelmiä tällaisten aineiden käyttäytymisestä erilaisissa olosuhteissa. Analyysikemisteillä on tärkeä tehtävä kemian sekä ympäristön, elintarvikkeiden, polttoaineen ja lääketieteen välisen suhteen tarkastelussa. He käyttävät erilaisia tekniikoita, kuten elektrokromatografiaa, kaasukromatografiaa, korkean suorituskyvyn nestekromatografiaa ja spektroskopiaa.
	",http://data.europa.eu/esco/occupation/0d93706d-32fd-4de3-aa08-be1003e325da,kemisti
Occupation,http://data.europa.eu/esco/occupation/57a12047-4f1e-40ed-add5-9736923f231b,astronomi,released,tähtitieteilijä | astrofyysikko | kosmologi,"Astronomit tutkivat taivaankappaleiden muodostumista, rakenteita, ominaisuuksia ja kehitystä sekä tähtienvälistä ainetta. He keräävät tutkimustarkoituksiin käytettävää tietoa avaruudesta maassa ja avaruudessa sijaitsevien laitteiden avulla.",http://data.europa.eu/esco/isco/C2111,Fyysikot ja astronomit
Occupation,http://data.europa.eu/esco/occupation/59a02420-91df-4e46-b37b-22e3fd8c11f0,fysiikan lehtori,released,fysiikan tohtori | fysiikan opettaja,"Fysiikan lehtorit ovat yleensä professoreita, opettajia tai lehtoreita, jotka ovat suorittaneet ylemmän toisen asteen tutkinnon omalla erikoisalallaan eli fysiikassa, ja he antavat opetusta, joka on pääasiassa akateemista. He tekevät yhteistyötä tutkimusavustajien ja yliopiston opetusassistenttien kanssa luentojen ja tenttien valmistelemisessa, laboratorioharjoitusten ohjaamisessa, seminaaritöiden ja tenttien arvioinnissa sekä opiskelijoiden arviointi- ja palautetilaisuuksien järjestämisessä. He tekevät myös akateemista tutkimusta omalla fysiikan erikoisalallaan, julkaisevat havaintojaan ja tekevät yhteistyötä muiden yliopistokollegojen kanssa.",http://data.europa.eu/esco/occupation/684fd8d5-9b40-4b02-a680-438f0082d923,"lehtori, yliopistot ja korkeakoulut"
Occupation,http://data.europa.eu/esco/occupation/5a282a39-5346-454a-b1ef-c1217c50e156,koulutustutkija,released,"erityistutkija, koulutus","Koulutustutkijat tekevät tutkimusta koulutuksen alalla. He pyrkivät lisäämään tietämystä siitä, miten koulutusprosessit, koulutusjärjestelmät ja yksilöt (opettajat ja oppijat) toimivat. He määrittävät, missä olisi parannettavaa, ja laativat suunnitelmia innovaatioiden toteuttamiseksi. He neuvovat lainsäätäjiä ja poliittisia päättäjiä koulutuskysymyksissä ja avustavat koulutuspolitiikan suunnittelussa.",http://data.europa.eu/esco/isco/C2351,Opetusmenetelmien erityisasiantuntijat
Occupation,http://data.europa.eu/esco/occupation/5ac65daa-0896-4193-9f0e-8b00746b78a1,yliopiston tutkimusassistentti,released,"yliopiston tutkimusapulainen | tutkimusassistentti, yliopisto | tutkimusapulainen, yliopisto","Yliopiston tutkimusassistentit tekevät akateemista tutkimusta siinä yliopistossa tai korkeakoulussa, jossa he työskentelevät. He voivat avustaa professoreita, joiden alaisina he työskentelevät ja jotka ovat heidän ohjaajiaan, näiden tutkimuksessa tai tehdä omaa tutkimustaan samalla alalla kuin nämä professorit.",http://data.europa.eu/esco/occupation/684fd8d5-9b40-4b02-a680-438f0082d923,"lehtori, yliopistot ja korkeakoulut"
Occupation,http://data.europa.eu/esco/occupation/5fdfa822-c1ba-477e-87cc-3d742e59310d,biologian lehtori,released,biologian professori | biologian opettaja,"Biologian lehtorit ovat yleensä professoreita, opettajia tai lehtoreita, jotka ovat suorittaneet ylemmän toisen asteen tutkinnon omalla erikoisalallaan eli biologiassa, ja he antavat opetusta. He tekevät yhteistyötä tutkimusavustajien ja yliopiston opetusassistenttien kanssa luentojen ja tenttien valmistelemisessa, laboratorioharjoitusten ohjaamisessa, seminaaritöiden ja tenttien arvioinnissa sekä opiskelijoiden arviointi- ja palautetilaisuuksien järjestämisessä. He tekevät myös akateemista tutkimusta omalla biologian erikoisalallaan, julkaisevat havaintojaan ja tekevät yhteistyötä muiden yliopistokollegojen kanssa.",http://data.europa.eu/esco/occupation/684fd8d5-9b40-4b02-a680-438f0082d923,"lehtori, yliopistot ja korkeakoulut"
Occupation,http://data.europa.eu/esco/occupation/605e58d6-ad27-4828-b1f5-16707f327fa0,kasvatustieteen lehtori,released,kasvatustieteiden opettaja | kasvatustieteen professori | kasvatustieteiden lehtori | kasvatustieteen opettaja | kasvatustieteiden professori,"Kasvatustieteen lehtorit ovat professoreja, opettajia tai lehtoreita, jotka ovat suorittaneet ylemmän toisen asteen tutkinnon omalla erikoisalallaan eli kasvatustieteessä, joten he voivat itse työskennellä opettajina. He tekevät yhteistyötä tutkimusavustajien ja yliopiston opetusassistenttien kanssa luentojen ja tenttien valmistelemisessa, seminaaritöiden ja tenttien arvioinnissa sekä opiskelijoiden arviointi- ja palautetilaisuuksien järjestämisessä.",http://data.europa.eu/esco/occupation/684fd8d5-9b40-4b02-a680-438f0082d923,"lehtori, yliopistot ja korkeakoulut"
Occupation,http://data.europa.eu/esco/occupation/6140be85-2d45-44b2-b0ba-412aadcead1e,geneetikko,released,geenitutkija | molekyyligeneetikko | perinnöllisyystieteilijä | perinnöllisyystutkija | sytogeneetikko,"Geneetikot opiskelevat ja tutkivat genetiikkaa. He analysoivat sitä, miten geenit ovat vuorovaikutuksessa keskenään ja miten ne toimivat. Lisäksi he selvittävät, miten piirteet ja ominaisuudet periytyvät. Tutkimuksensa perusteella he hoitavat potilaita, joilla on perinnöllisiä sairauksia ja häiriöitä, synnynnäisiä epämuodostumia ja muita geneettisiä ongelmia.",http://data.europa.eu/esco/occupation/eee68e13-8248-43bb-a9fb-959832a6c217,biologi
Occupation,http://data.europa.eu/esco/occupation/66527cdc-b7a5-4996-9448-7e327b68d08d,taideaineiden lehtori,released,taideaineiden opettaja | taideaineiden professori,"Taideaineiden lehtorit ovat professoreja, opettajia tai lehtoreita, jotka ovat suorittaneet ylemmän toisen asteen tutkinnon omalla erikoisalallaan eli taideaineissa, ja he antavat opetusta, joka on pääasiassa akateemista. He tekevät yhteistyötä tutkimusavustajien ja yliopiston opetusassistenttien kanssa luentojen ja tenttien valmistelemisessa, seminaaritöiden ja tenttien arvioinnissa sekä opiskelijoiden arviointi- ja palautetilaisuuksien järjestämisessä. He tekevät myös akateemista tutkimusta omalla taideaineiden erikoisalallaan, julkaisevat havaintojaan ja tekevät yhteistyötä muiden yliopistokollegojen kanssa.",http://data.europa.eu/esco/occupation/684fd8d5-9b40-4b02-a680-438f0082d923,"lehtori, yliopistot ja korkeakoulut"
Occupation,http://data.europa.eu/esco/occupation/684fd8d5-9b40-4b02-a680-438f0082d923,"lehtori, yliopistot ja korkeakoulut",released,,"Yliopistojen ja korkeakoulujen lehtorit opettavat opiskelijoita, ja he ovat suorittaneet ylemmän toisen asteen tutkinnon omalla erikoisalallaan, joka on pääasiassa akateeminen. Heidän ammattinimikkeitään voivat olla esimerkiksi vanhempi lehtori tai professori. He tekevät yhteistyötä opetus- ja tutkimusavustajien kanssa luentojen ja tenttien valmistelemisessa, seminaaritöiden ja tenttien arvioinnissa, laboratorioharjoitusten ohjaamisessa sekä opiskelijoiden arviointi- ja palautetilaisuuksien järjestämisessä. He tekevät myös akateemista tutkimusta omalla erikoisalallaan, julkaisevat havaintojaan ja tekevät yhteistyötä muiden yliopistokollegojen kanssa.",http://data.europa.eu/esco/isco/C2310,Yliopistojen ja ammattikorkeakoulujen opettajat
Occupation,http://data.europa.eu/esco/occupation/68d973df-bf10-4bf7-9a1b-fbd9f604b9db,bioinformaatikko,released,,"Bioinformaatikot analysoivat biologisia prosesseja tietokoneohjelmia käyttäen. He ylläpitävät tai rakentavat tietokantoja, jotka sisältävät biologista tietoa. Bioinformaatikot keräävät ja analysoivat biologista tietoa, ja he voivat myös avustaa eri alojen, kuten bioteknologian ja farmasian, tutkijoita. He tekevät tieteellistä tutkimuksia ja tilastoanalyysejä ja raportoivat havainnoistaan. Bioinformaatikot voivat myös kerätä DNA-näytteitä, havaita aineistosta esiin nousevia malleja ja tehdä geneettistä tutkimusta.",http://data.europa.eu/esco/isco/C2131,"Biologit, kasvi- ja eläintieteilijät ym. erityisasiantuntijat"
Occupation,http://data.europa.eu/esco/occupation/68f4fdd9-182c-4c0d-a73d-f767b8a8355e,"kalastusbiologi, vesiviljely",released,,"Vesiviljelyalan kalastusbiologit soveltavat tietoa, joka on saatu vesieläimiä ja -kasveja ja niiden vuorovaikutusta keskenään ja ympäristön kanssa koskevasta tutkimuksesta, jotta voidaan parantaa vesiviljelytuotantoa, ehkäistä eläinten terveyteen ja ympäristöön liittyviä ongelmia ja tarjota tarvittaessa ratkaisuja.",http://data.europa.eu/esco/occupation/eee68e13-8248-43bb-a9fb-959832a6c217,biologi
Occupation,http://data.europa.eu/esco/occupation/6cd08cbe-7611-4d70-8886-6c59c0385442,viestinnän tutkija,released,"tutkija, viestintä","Viestinnän tutkijat tutkivat erilaisia näkökohtia, jotka liittyvät tiedon suunnitteluun, keräämiseen, luomiseen, järjestämiseen, säilyttämiseen, käyttöön, arvioimiseen ja välittämiseen sanallisella tai sanattomalla viestinnällä. He tutkivat ryhmien ja yksilöiden välistä vuorovaikutusta ja yksilöiden välistä vuorovaikutusta teknologian (robottien) kanssa.",http://data.europa.eu/esco/occupation/acf69cab-8629-45c8-ae10-c8fb15f474b6,antropologi
Occupation,http://data.europa.eu/esco/occupation/6d421d34-baa1-44f9-9ea0-231d76e325fd,uskontotieteilijä,released,teologi,"Uskontotieteilijät tutkivat uskontoihin, uskomuksiin ja hengellisyyteen liittyviä käsitteitä. He soveltavat rationaalisuutta moraalisuuden ja eettisyyden tavoitteluun tutkimalla pyhiä kirjoituksia, uskontoa, uskonnonharjoittamista ja jumalallista lakia.",http://data.europa.eu/esco/isco/C2636,Papit ym. uskonnollisen elämän erityisasiantuntijat
Occupation,http://data.europa.eu/esco/occupation/6df6c5cb-c1a2-42c8-acd0-1ee5563c36c1,biokemisti,released,bioteknikko,"Biokemistit opiskelevat ja tutkivat reaktioita, joita kemikaalit aiheuttavat elävissä organismeissa. Tähän kuuluu myös sellainen kemikaalipohjaisten tuotteiden (esim. lääkkeiden) kehittämiseen tai parantamiseen tähtäävä tutkimus, jonka tavoitteena on parantaa elävien organismien terveyttä ja ymmärtää niiden reaktioita paremmin.",http://data.europa.eu/esco/occupation/eee68e13-8248-43bb-a9fb-959832a6c217,biologi
Occupation,http://data.europa.eu/esco/occupation/6e92d4b5-3167-4166-802f-da7753951a31,ICT-tutkimuskonsultti,released,IT-tutkimuskonsultti | ICT-tutkimuskonsultit | IT-tutkimuskonsultit | IT-tutkimusasiantuntija | IT-tutkimuksen asiantuntija,"ICT-tutkimuskonsultit tekevät kohdennettua tieto- ja viestintäteknologian tutkimusta ja toimittavat asiakkaalle loppuraportin. He myös suunnittelevat kyselyitä tieto- ja viestintätekniikan välineillä, analysoivat tuloksia, laativat raportteja, esittelevät tuloksia ja antavat suosituksia tutkimustulosten perusteella.",http://data.europa.eu/esco/isco/C2511,Sovellusarkkitehdit
Occupation,http://data.europa.eu/esco/occupation/71f09c8b-a172-408c-b9e7-32e580e39ff6,yleislääkäri,released,,"Yleislääkärit edistävät terveyttä, ehkäisevät ja tunnistavat terveysongelmia, diagnosoivat ja hoitavat sairauksia sekä edistävät kaikenlaisten ihmisten toipumista fyysisistä ja henkisistä sairauksista ja terveysongelmista heidän iästään, sukupuolestaan tai terveysongelmistaan riippumatta.",http://data.europa.eu/esco/isco/C2211,Yleislääkärit
Occupation,http://data.europa.eu/esco/occupation/72628f3a-fd49-499a-9741-870b0a1fcef2,matemaatikko,released,matematiikan tutkija,"Matemaatikot tutkivat ja kehittävät nykyisiä matemaattisia teorioita, jotta alan tietämystä voidaan laajentaa ja jotta voidaan löytää uusia paradigmoja. He voivat soveltaa tätä tietämystä teknisissä ja tieteellisten hankkeissa esitettyihin haasteisiin. Näin voidaan varmistaa, että mittaukset, määritykset ja matemaattiset lait osoitetaan oikeiksi.",http://data.europa.eu/esco/isco/C2120,"Matemaatikot, aktuaarit ja tilastotieteilijät"
Occupation,http://data.europa.eu/esco/occupation/73ceb2f9-18e3-4cfe-9c06-e9fb31ece440,tutkimus- ja kehitysjohtaja,released,,"Tutkimus- ja kehitysjohtajat koordinoivat tutkijoiden, tuotekehittäjien ja markkinatutkijoiden toimia, joiden tavoitteena on luoda uusia tuotteita tai parantaa nykyisiä tuotteita, tai muita tutkimustoimia, tieteellinen tutkimus mukaan luettuna. He hallinnoivat ja suunnittelevat organisaation tutkimus- ja kehitystoimia, asettavat tavoitteita ja budjettivaatimuksia sekä hallinnoivat henkilöstöä.",http://data.europa.eu/esco/isco/C1223,Tutkimus- ja kehitysjohtajat
Occupation,http://data.europa.eu/esco/occupation/778c1d37-69f2-4184-ac98-03b7dbfba332,fotoniikan insinööri,released,,"Fotoniikkainsinöörit käsittelevät valon tuotantoa, siirtoa, muuntamista ja havaitsemista. He tutkivat, suunnitteleva, kokoavat, testaavat ja käyttävät fotoniikan komponentteja tai järjestelmiä monissa eri käyttökohteissa, joita voivat olla optinen tiedonsiirto tai lääketieteellinen laitteisto, materiaalinkäsittely tai anturiteknologia.",http://data.europa.eu/esco/occupation/ab3c4d3e-3189-47ad-82af-57cdae3cb589,optiikan insinööri
Occupation,http://data.europa.eu/esco/occupation/77abfaec-a250-4765-95fa-6091e8da1bba,"insinööri, sähkömekaaninen tekniikka",released,"insinööri, elektromekaniikka","Sähkömekaaniseen tekniikkaan erikoistuneet insinöörit suunnittelevat ja kehittävät laitteita ja koneita, joissa käytetään sekä sähköä että mekaanista tekniikkaa. He luonnostelevat ja laativat asiakirjoja, joissa esitetään yksityiskohtaiset materiaalivaatimukset kokoamisprosessi ja muut tekniset eritelmät. Sähkömekaaniseen tekniikkaan erikoistuneet insinöörit myös testaavat ja arvioivat prototyyppejä. Lisäksi he valvovat tuotantoprosessia.",http://data.europa.eu/esco/occupation/86ca306c-ab99-420a-9e2a-aa73c5c4de22,sähköinsinööri
Occupation,http://data.europa.eu/esco/occupation/7c132147-428b-4ea3-87e1-70f7abb691ce,proviisori,released,apteekkari | apteekinhoitaja,"Proviisorit valmistavat ja jakelevat lääkkeitä ja määräävät itsehoitolääkkeistä. He antavat kliinistä tietoa lääkkeistä, ilmoittavat epäillyistä haittavaikutuksista ja antavat yksilöllistä tukea potilaille. Proviisorit sekoittavat ja testaavat lääkkeitä laboratorioissa sekä varastoivat, säilyttävät ja jakelevat niitä.",http://data.europa.eu/esco/isco/C2262,Proviisorit
Occupation,http://data.europa.eu/esco/occupation/7dea476a-dffe-4919-9ee2-fb222e283f41,psykologian lehtori,released,psykologian tohtori | psykologian opettaja,"Psykologian lehtorit ovat yleensä professoreita, opettajia tai lehtoreita, jotka ovat suorittaneet ylemmän toisen asteen tutkinnon omalla erikoisalallaan eli psykologiassa, ja he antavat opetusta, joka on pääasiassa akateemista. He tekevät yhteistyötä tutkimusavustajien ja yliopiston opetusassistenttien kanssa luentojen ja tenttien valmistelemisessa, seminaaritöiden ja tenttien arvioinnissa sekä opiskelijoiden arviointi- ja palautetilaisuuksien järjestämisessä. He tekevät myös akateemista tutkimusta omalla psykologian erikoisalallaan, julkaisevat havaintojaan ja tekevät yhteistyötä muiden yliopistokollegojen kanssa.",http://data.europa.eu/esco/occupation/684fd8d5-9b40-4b02-a680-438f0082d923,"lehtori, yliopistot ja korkeakoulut"
Occupation,http://data.europa.eu/esco/occupation/7f0fe7d3-54c6-41e9-88ba-9d4f0f1a46b4,"insinööri, mikrojärjestelmät",released,,"Mikrojärjestelmiin erikoistuneet insinöörit tutkivat, suunnittelevat ja kehittävät mikrosähkömekaanisia järjestelmiä, jotka voidaan integroida mekaanisiin, optisiin, akustisiin ja sähkötoimisiin tuotteisiin, ja valvovat näiden järjestelmien tuotantoa.",http://data.europa.eu/esco/occupation/4d34a9ee-2653-4da0-bef7-f59294577224,elektroniikkainsinööri
Occupation,http://data.europa.eu/esco/occupation/7f2761eb-4edc-48ad-9fbf-eed0a0db9a21,fyysikko,released,biofyysikko | talousfyysikko | sairaalafyysikko | geofyysikko | ydinfyysikko | atomifyysikko,"Fyysikot ovat tutkijoita, jotka tutkivat fysikaalisia ilmiöitä. He tutkivat erikoisalansa mukaisia kohteita, jotka voivat vaihdella atomihiukkasten fysiikasta maailmankaikkeuden ilmiöiden tutkimukseen. Heidän tutkimustuloksiaan voidaan käyttää yhteiskunnan kehityksen parantamisessa: niiden avulla voidaan edistää energiahuollon kehittämistä, sairauksien hoitoa, pelien kehittämistä, huipputeknologiaa ja päivittäiseen käyttöön tarkoitettuja esineitä.",http://data.europa.eu/esco/isco/C2111,Fyysikot ja astronomit
Occupation,http://data.europa.eu/esco/occupation/82e37849-30ec-4461-a40e-263d4c984f88,paleontologi,released,,"Paleontologit tutkivat ja analysoivat Maan muinaisia elämänmuotoja. Heidän tavoitteenaan on selvittää evoluutioreitti sekä kaikenlaisten muinaisten organismien ja kasvien, siitepölyn, itiöiden, selkärangattomien ja selkärankaisten eläinten, ihmisten, esimerkiksi jalanjälkien kaltaisten jälkien sekä ekologian ja ilmaston välinen vuorovaikutus eri geologisilla alueilla.",http://data.europa.eu/esco/occupation/c6196b21-20f9-4608-83fb-6f143afc740d,geologi
Occupation,http://data.europa.eu/esco/occupation/86a0c9ab-c3fa-41a3-ad3e-d0083036b3d6,mineralogi,released,,"Mineralogit tutkivat maapallon koostumusta, rakennetta ja muita fysikaalisia osa-alueita. He analysoivat erilaisia mineraaleja ja käyttävät tieteellisiä laitteita niiden rakenteen ja ominaisuuksien määrittämiseksi. Heidän työnsä keskittyy pääasiassa mineraalien luokitteluun ja tunnistamiseen ottamalla näytteitä ja tekemällä lisätestejä, määrityksiä ja tutkimuksia.",http://data.europa.eu/esco/isco/C2114,Geologit ja geofyysikot
Occupation,http://data.europa.eu/esco/occupation/89b87aa2-4008-4cc7-96f8-e2b5ffe59f28,ekologi,released,,"Ekologit arvioivat organismien eli ihmisten, kasvien ja eläinten terveyttä ja jakaantumista sekä organismien ja niiden ympäristön välistä suhdetta. Ekologeilla on yleensä jokin erikoisala, kuten makea vesi, meriympäristö, maa, kasvikunta ja eläinkunta, joita koskevaa tutkimusta ja joihin liittyviä tehtäviä he tekevät. ",http://data.europa.eu/esco/isco/C2133,Ympäristön- ja luonnonsuojelun erityisasiantuntijat
Occupation,http://data.europa.eu/esco/occupation/8b128a08-606f-4bb1-806e-07e0ed98b40e,avaruustieteen lehtori,released,avaruustieteen opettaja | avaruustieteen professori,"Avaruustieteen lehtorit ovat professoreja, opettajia tai lehtoreita, jotka ovat suorittaneet ylemmän toisen asteen tutkinnon omalla erikoisalallaan eli avaruustieteessä, ja he antavat opetusta, joka on pääasiassa akateemista. He tekevät yhteistyötä tutkimusavustajien ja yliopiston opetusassistenttien kanssa luentojen ja tenttien valmistelemisessa, seminaaritöiden ja tenttien arvioinnissa sekä opiskelijoiden arviointi- ja palautetilaisuuksien järjestämisessä. He tekevät myös akateemista tutkimusta omalla avaruustieteen erikoisalallaan, julkaisevat havaintojaan ja tekevät yhteistyötä muiden yliopistokollegojen kanssa.",http://data.europa.eu/esco/occupation/684fd8d5-9b40-4b02-a680-438f0082d923,"lehtori, yliopistot ja korkeakoulut"
Occupation,http://data.europa.eu/esco/occupation/8c0f59c9-9a47-42e7-8287-aab19df4e6ab,"insinööri, mikroelektroniikka",released,,"Mikroelektroniikkaan erikoistuneet insinöörit suunnittelevat, kehittävät ja valvovat pienten elektronisten laitteiden ja komponenttien, kuten mikroprosessorien ja integroitujen piirien, tuotantoa.",http://data.europa.eu/esco/occupation/4d34a9ee-2653-4da0-bef7-f59294577224,elektroniikkainsinööri
Occupation,http://data.europa.eu/esco/occupation/920c22e1-10a1-4afa-86b3-c43da8488391,sosiaalityön lehtori,released,sosiaalityön opettaja | sosiaalityön professori,"Sosiaalityön lehtorit ovat ammattilaisia, joilla on kaksi roolia. Ensinnäkin he toimivat sosiaalipalveluja, kuten neuvontaa, terapiaa tai opastusta yksittäisille ihmisille tai ryhmille, tarjoavalla akateemisella tieteenalalla, ja toisekseen he ovat osa akateemista maailmaa, jossa opetetaan tulevia ammattilaisia. He osallistuvat siis tutkimukseen ja tietämyksen kehittämiseen ja etsivät ratkaisuja monimutkaisiin sosiaalisiin ongelmiin ja innovatiivisia lähestymistapoja, joilla näitä ongelmia voitaisiin lievittää. He opettavat sosiaalityöhön liittyviä tietoja, taitoja arvoja, joiden avulla opiskelijat voivat opetella toimimaan kulttuurisesti asianmukaisessa sosiaalityön käytännössä erilaisten ihmisryhmien ja yhteisöjen kanssa.",http://data.europa.eu/esco/occupation/684fd8d5-9b40-4b02-a680-438f0082d923,"lehtori, yliopistot ja korkeakoulut"
Occupation,http://data.europa.eu/esco/occupation/92bb3d8c-8a9f-4cd7-80ec-247bbf173004,"insinööri, tietokonelaitteistot",released,,"Tietokonelaitteistoihin erikoistuneet insinöörit suunnittelevat ja kehittävät tietokonelaitteistoja ja -komponentteja, kuten piirilevyjä, modeemeja ja tulostimia. He laativat piirustuksia ja kokoonpanopiirustuksia, kehittävät ja testaavat prototyyppejä ja valvovat tuotantoprosessia.",http://data.europa.eu/esco/occupation/4d34a9ee-2653-4da0-bef7-f59294577224,elektroniikkainsinööri
Occupation,http://data.europa.eu/esco/occupation/9766cc19-5a64-4b3c-a741-71561285a419,antropologian lehtori,released,antropologian opettaja | antropologian professori,"Antropologian lehtorit ovat yleensä professoreita, opettajia tai lehtoreita, jotka ovat suorittaneet ylemmän toisen asteen tutkinnon omalla erikoisalallaan eli antropologiassa, ja he antavat opetusta, joka on pääasiassa akateemista. He tekevät yhteistyötä tutkimusavustajien ja yliopiston opetusassistenttien kanssa luentojen ja tenttien valmistelemisessa, seminaaritöiden ja tenttien arvioinnissa sekä opiskelijoiden arviointi- ja palautetilaisuuksien järjestämisessä. He tekevät myös akateemista tutkimusta omalla antropologian erikoisalallaan, julkaisevat havaintojaan ja tekevät yhteistyötä muiden yliopistokollegojen kanssa.",http://data.europa.eu/esco/occupation/684fd8d5-9b40-4b02-a680-438f0082d923,"lehtori, yliopistot ja korkeakoulut"
Occupation,http://data.europa.eu/esco/occupation/9851c83c-5670-4da0-964a-1ef0e682e30b,kuolemantutkija,released,,"Kuolemantutkijat tutkivat kuolemaa ja kuolemista useilla tieteellisillä aloilla, kuten psykologia, sosiologia, fysiologia ja antropologia. He tuottavat lisää tietoa kuolemaan liittyvistä tekijöistä, kuten psykologisista ilmiöistä, joita kuolevat ja heidän läheisensä kokevat.",http://data.europa.eu/esco/isco/C2632,Yhteiskunta- ja kulttuuritutkijat
Occupation,http://data.europa.eu/esco/occupation/9905cc76-d48b-49b1-94ab-17becb30be1a,elintarviketieteiden lehtori,released,elintarviketieteiden professori | elintarviketieteiden opettaja,"Elintarviketieteiden lehtorit ovat yleensä professoreita, opettajia tai lehtoreita, jotka ovat suorittaneet ylemmän toisen asteen tutkinnon omalla erikoisalallaan eli elintarviketieteissä, ja he antavat opetusta, joka on pääasiassa akateemista. He tekevät yhteistyötä tutkimusavustajien ja yliopiston opetusassistenttien kanssa luentojen ja tenttien valmistelemisessa, seminaaritöiden ja tenttien arvioinnissa sekä opiskelijoiden arviointi- ja palautetilaisuuksien järjestämisessä. He tekevät myös akateemista tutkimusta omalla elintarviketieteen erikoisalallaan, julkaisevat havaintojaan ja tekevät yhteistyötä muiden yliopistokollegojen kanssa.",http://data.europa.eu/esco/occupation/684fd8d5-9b40-4b02-a680-438f0082d923,"lehtori, yliopistot ja korkeakoulut"
Occupation,http://data.europa.eu/esco/occupation/99492920-e5a5-4dba-9e5a-93193147198c,kansantaloustieteilijä,released,taloustutkija | ekonomisti | taloustieteilijä,"Kansantaloustieteilijät tutkivat ja kehittävät taloustieteellisiä teorioita mikro- tai makrotaloudellisia analyysejä varten. He tarkastelevat suuntauksia, analysoivat tilastotietoja ja jossain määrin myös talousmatemaattisia malleja, jotta he pystyvät neuvomaan yrityksiä, hallituksia ja muita vastaavia instituutioita. Ne antavat neuvoja tuotteiden toteutettavuudesta, suuntausten ennustamisesta, markkinoiden kehittymisestä, verotuspolitiikasta ja kuluttajasuuntauksista.",http://data.europa.eu/esco/isco/C2631,Ekonomistit
Occupation,http://data.europa.eu/esco/occupation/9a7e780a-b778-4a5a-b4eb-309d394d313d,kirjallisuuden yliopistolehtori,released,"kirjallisuuden professori | yliopisto-opettaja, kirjallisuus | yliopistolehtori, kirjallisuus | kirjallisuuden yliopisto-opettaja | kirjallisuuden lehtori, yliopisto | kirjallisuuden opettaja, yliopisto","Kirjallisuuden yliopistolehtorit ovat yleensä professoreita, opettajia tai lehtoreita, jotka ovat suorittaneet ylemmän toisen asteen tutkinnon omalla erikoisalallaan eli kirjallisuustieteessä, ja he antavat opetusta, joka on pääasiassa akateemista He tekevät yhteistyötä tutkimusavustajien ja yliopiston opetusassistenttien kanssa luentojen ja tenttien valmistelemisessa, seminaaritöiden ja tenttien arvioinnissa sekä opiskelijoiden arviointi- ja palautetilaisuuksien järjestämisessä. He tekevät myös akateemista tutkimusta omalla kirjallisuustieteen erikoisalallaan, julkaisevat havaintojaan ja tekevät yhteistyötä muiden yliopistokollegojen kanssa.",http://data.europa.eu/esco/occupation/684fd8d5-9b40-4b02-a680-438f0082d923,"lehtori, yliopistot ja korkeakoulut"
Occupation,http://data.europa.eu/esco/occupation/9b889f07-c39c-464d-b9d9-b2daa650f9ac,erikoislääkäri,released,,"Erikoislääkärit ehkäisevät, diagnosoivat ja hoitavat sairauksia oman lääketieteellisen tai kirurgisen erikoisalansa mukaan.",http://data.europa.eu/esco/isco/C2212,Ylilääkärit ja erikoislääkärit
Occupation,http://data.europa.eu/esco/occupation/a36c14e6-ed96-467d-8390-6f9cf47ac350,historian lehtori,released,historian tohtori | historian opettaja,"Historian lehtorit ovat yleensä professoreita, opettajia tai lehtoreita, jotka ovat suorittaneet ylemmän toisen asteen tutkinnon omalla erikoisalallaan eli historiassa, ja he antavat opetusta, joka on pääasiassa akateemista. He tekevät yhteistyötä tutkimusavustajien ja yliopiston opetusassistenttien kanssa luentojen ja tenttien valmistelemisessa, seminaaritöiden ja tenttien arvioinnissa sekä opiskelijoiden arviointi- ja palautetilaisuuksien järjestämisessä. He tekevät myös akateemista tutkimusta omalla historian erikoisalallaan, julkaisevat havaintojaan ja tekevät yhteistyötä muiden yliopistokollegojen kanssa.",http://data.europa.eu/esco/occupation/684fd8d5-9b40-4b02-a680-438f0082d923,"lehtori, yliopistot ja korkeakoulut"
Occupation,http://data.europa.eu/esco/occupation/a63733fa-f7ff-4733-8961-1ec4eeaab00b,museotutkija,released,tutkija,"Museotutkijat tekevät ja/tai hallinnoivat kuraattori-, valmistelu- ja toimistotyötä yleisissä museoissa, kasvitieteellisissä puutarhoissa, taidegallerioissa, kuvataidekokoelmissa, akvaarioissa tai vastaavissa kokoelmissa. He hallinnoivat luonnontieteellisen, historiallisen ja antropologisen materiaalin kokoelmia, jotka ovat luonteeltaan kasvatuksellisia, tieteellisiä tai esteettisiä.
	",http://data.europa.eu/esco/isco/C2621,Arkistonhoitajat ja museoalan erityisasiantuntijat
Occupation,http://data.europa.eu/esco/occupation/a7a74a05-3dd0-46c6-99af-92df8042520c,mikrobiologi,released,bioteknikko | immunologi | bakteriologi | virologi,"Mikrobiologit opiskelevat ja tutkivat mikroskooppisten organismien elämänmuotoja, ominaisuuksia ja niihin liittyviä prosesseja. He tutkivat mikro-organismeja, kuten bakteereja, alkueläimiä ja sieniä, tavoitteenaan diagnosoida ja torjua vaikutuksia, joita nämä mikro-organismit voivat aiheuttaa eläimissä, ympäristössä, elintarviketeollisuudessa tai terveydenhuollossa.
	",http://data.europa.eu/esco/occupation/eee68e13-8248-43bb-a9fb-959832a6c217,biologi
Occupation,http://data.europa.eu/esco/occupation/a9c7a04d-807a-41b5-b441-87c73c73c9c5,kielitieteilijä,released,lingvisti | kielentutkija | filologi,"Kielitieteilijät tekevät kielten tieteellistä tutkimusta. He hallitsevat kieliä ja voivat tulkita niitä kieliopillisesti, semanttisesti ja foneettisesti. He tutkivat kielen kehitystä ja sen käyttöä yhteyskunnassa.",http://data.europa.eu/esco/isco/C2643,"Kääntäjät, tulkit ja muut kielitieteilijät"
Occupation,http://data.europa.eu/esco/occupation/ab360abd-32e2-4e03-967d-a10758efffa7,mekatroniikkainsinööri,released,,"Mekatroniikkainsinöörit suunnittelevat ja kehittävät älykkäitä järjestelmiä, joita ovat esimerkiksi robottilaitteet, älykkäät kodinkoneet ja lentokoneet, yhdistämällä mekaniikka-, sähkö-, tietokone- ja valvontatekniikkoja. He tekevät tietokoneohjelmilla piirustuksia tai suunnitteluasiakirjoja osille, kokoonpanoille tai valmiille tuotteille, ja he myös valvovat ja hallinnoivat hankkeita.",http://data.europa.eu/esco/occupation/579254cf-6d69-4889-9000-9c79dc568644,koneinsinööri
Occupation,http://data.europa.eu/esco/occupation/ab3c4d3e-3189-47ad-82af-57cdae3cb589,optiikan insinööri,released,,"Optiikan insinöörit suunnittelevat ja kehittävät erilaisia optiikkaan perustuvia teollisuussovelluksia. Heillä on valoa, valonläpäisyperiaatteita ja optiikkaa koskevaa tietämystä, jota he voivat hyödyntää esimerkiksi mikroskooppien, linssien, teleskooppien ja muiden optisten laitteiden teknisten eritelmien laatimisessa.",http://data.europa.eu/esco/isco/C2149,Muut tekniikan erityisasiantuntijat
Occupation,http://data.europa.eu/esco/occupation/ac8b3cd1-a127-4e6a-8208-5cfcf7111955,tilastotieteilijä,released,tilastopäällikkö | tilastotutkija,"Tilastotieteilijät keräävät, taulukoivat ja ennen kaikkea analysoivat määrällistä tietoa, jota saadaan monista eri lähteistä. He tulkitsevat ja analysoivat tilastotutkimuksia esimerkiksi terveydenhuollon, väestönkehityksen, rahoituksen, liiketoiminnan jne. alalla ja antavat neuvoja mallien ja tehtyjen analyysien perusteella.",http://data.europa.eu/esco/isco/C2120,"Matemaatikot, aktuaarit ja tilastotieteilijät"
Occupation,http://data.europa.eu/esco/occupation/acf69cab-8629-45c8-ae10-c8fb15f474b6,antropologi,released,,"Antropologit tutkivat kaikkia ihmisiin liittyviä elämän osa-alueita. He tutkivat erilaisia eri aikoina esiintyneitä sivilisaatioita ja niiden järjestäytymistä. He yrittävät analysoida erilaisten ihmisten fyysisiä, yhteiskunnallisia, kielellisiä, poliittisia, taloudellisia, filosofisia ja kulttuurisia näkökohtia. Tutkimusten tarkoituksena on ymmärtää ja kuvata ihmiskunnan menneisyyttä ja ratkaista ajankohtaisia yhteiskunnallisia ongelmia. He tarkastelevat erilaisia näkökulmia, kuten filosofista antropologiaa.",http://data.europa.eu/esco/isco/C2632,Yhteiskunta- ja kulttuuritutkijat
Occupation,http://data.europa.eu/esco/occupation/ae2c1bf4-669e-4fec-a7d7-698753699083,filosofian lehtori,released,filosofian tohtori | filosofian opettaja,"Filosofian lehtorit ovat yleensä professoreita, opettajia tai lehtoreita, jotka ovat suorittaneet ylemmän toisen asteen tutkinnon omalla erikoisalallaan eli filosofiassa, ja he antavat opetusta, joka on pääasiassa akateemista. He tekevät yhteistyötä tutkimusavustajien ja yliopiston opetusassistenttien kanssa luentojen ja tenttien valmistelemisessa, seminaaritöiden ja tenttien arvioinnissa sekä opiskelijoiden arviointi- ja palautetilaisuuksien järjestämisessä. He tekevät myös akateemista tutkimusta omalla filosofian erikoisalallaan, julkaisevat havaintojaan ja tekevät yhteistyötä muiden yliopistokollegojen kanssa.",http://data.europa.eu/esco/occupation/684fd8d5-9b40-4b02-a680-438f0082d923,"lehtori, yliopistot ja korkeakoulut"
Occupation,http://data.europa.eu/esco/occupation/ae8b19cc-8c6e-4a16-ada2-c15f97ded133,optomekaniikan insinööri,released,,"Optomekaniikan insinöörit suunnittelevat ja kehittävät optomekaanisia järjestelmiä, laitteita ja komponentteja, kuten optisia peilejä ja optiikan jalustoja. Optomekaanisella tekniikalla yhdistetään optinen ja mekaaninen tekniikka näiden järjestelmien ja laitteiden järjestelmiin ja laitteisiin. He tekevät tutkimusta ja analyyseja sekä testaavat laitteita ja valvovat tutkimusta.",http://data.europa.eu/esco/occupation/579254cf-6d69-4889-9000-9c79dc568644,koneinsinööri
Occupation,http://data.europa.eu/esco/occupation/b0f3f595-4965-4f13-ba5c-f6049b62469f,biometrikko,released,,"Biometrikot tekevät biometriikkaa koskevaa tutkimusta. He toteuttavat tilastotieteellisiä tai biologisia tutkimushankkeita, joissa tutkitaan sormenjälkiä, verkkokalvoja ja ihmisten profiileja lääketieteellisiä tai teollisia sovelluksia varten.",http://data.europa.eu/esco/occupation/ac8b3cd1-a127-4e6a-8208-5cfcf7111955,tilastotieteilijä
Occupation,http://data.europa.eu/esco/occupation/b2cede50-82bb-4684-9f11-1930e12ad672,energiainsinööri,released,energia-asiantuntija | energiatekniikan insinööri | energianeuvoja,"Energiainsinöörit suunnittelevat uusia, tehokkaita ja puhtaita tapoja tuottaa, muuntaa ja jaella energiaa ympäristön kestävyyden ja energiatehokkuuden parantamiseksi. He tuottavat energiaa luonnonvaroista, kuten öljystä tai kaasusta, tai esimerkiksi tuuli- tai aurinkoenergiaa uusiutuvista ja kestävistä lähteistä. ",http://data.europa.eu/esco/isco/C2149,Muut tekniikan erityisasiantuntijat
Occupation,http://data.europa.eu/esco/occupation/b3ebf55f-5e50-4262-946a-f08d7fbe29b2,"lehtori, erikoissairaanhoito",released,"professori, erikoissairaanhoito | opettaja, erikoissairaanhoito","Erikoissairaanhoidon lehtorit ovat yleensä professoreita, opettajia tai lehtoreita, ja usein lääkäreitä, jotka ovat suorittaneet ylemmän toisen asteen tutkinnon omalla erikoisalallaan eli erikoissairaanhoidossa, ja he antavat opetusta, joka on pääasiassa akateemista. He tekevät yhteistyötä tutkimusavustajien ja yliopiston opetusassistenttien kanssa luentojen ja tenttien valmistelemisessa, seminaaritöiden ja tenttien arvioinnissa, laboratorioharjoitusten ohjaamisessa sekä opiskelijoiden arviointi- ja palautetilaisuuksien järjestämisessä. He tekevät myös akateemista tutkimusta omalla erikoissairaanhoidon erikoisalallaan, julkaisevat havaintojaan ja tekevät yhteistyötä muiden yliopistokollegojen kanssa.",http://data.europa.eu/esco/occupation/684fd8d5-9b40-4b02-a680-438f0082d923,"lehtori, yliopistot ja korkeakoulut"
Occupation,http://data.europa.eu/esco/occupation/b5d1912e-89c7-4a66-ab96-0dc5f4f6c426,immunologi,released,immunologian tutkija,"Immunologit tutkivat elävien organismien (esim. ihmiskehon) immuunijärjestelmää ja tapaa, jolla se reagoi ulkoisiin infektioihin tai haitallisiin invasiivisiin aineisiin (esimerkiksi virus, bakteerit, loiset). He keskittyvät tutkimuksessaan elävien organismien immunologiaan vaikuttaviin sairauksiin, jotta ne voidaan luokitella asianmukaisen hoidon määrittämiseksi.",http://data.europa.eu/esco/isco/C2131,"Biologit, kasvi- ja eläintieteilijät ym. erityisasiantuntijat"
Occupation,http://data.europa.eu/esco/occupation/b65133db-b3de-44d1-88fa-1d3deda08245,oikeustieteen lehtori,released,oikeustieteen opettaja | oikeustieteen professori,"Oikeustieteen lehtorit ovat yleensä professoreita, opettajia tai lehtoreita, jotka ovat suorittaneet ylemmän toisen asteen tutkinnon omalla erikoisalallaan eli oikeustieteessä, ja he antavat opetusta, joka on pääasiassa akateemista. He tekevät yhteistyötä tutkimusavustajien ja yliopiston opetusassistenttien kanssa luentojen ja tenttien valmistelemisessa, seminaaritöiden ja tenttien arvioinnissa sekä opiskelijoiden arviointi- ja palautetilaisuuksien järjestämisessä. He tekevät myös akateemista tutkimusta omalla oikeustieteen erikoisalallaan, julkaisevat havaintojaan ja tekevät yhteistyötä muiden yliopistokollegojen kanssa.",http://data.europa.eu/esco/occupation/684fd8d5-9b40-4b02-a680-438f0082d923,"lehtori, yliopistot ja korkeakoulut"
Occupation,http://data.europa.eu/esco/occupation/b73c752b-9858-4f53-82de-f3a340cbcae9,epidemiologi,released,epidemiologian tutkija,"Epidemiologit keskittyvät tutkimuksessaan siihen, mikä on ihmisissä esiintyvien sairauksien alkuperä ja mikä aiheuttaa niiden puhkeamisen. He selvittävät, miten sairaudet leviävät, ja ehdottavat riskinehkäisytoimia terveyspolitiikasta vastaaville tahoille.",http://data.europa.eu/esco/occupation/eee68e13-8248-43bb-a9fb-959832a6c217,biologi
Occupation,http://data.europa.eu/esco/occupation/b79cfd33-6e46-4b71-b180-c9a84422f047,seismologi,released,,"Seismologit tutkivat seismisten aaltojen etenemistä ja maanjäristyksiä aiheuttavia mannerlaattojen liikkeitä maapallolla. He tutkivat ja tarkkailevat eri lähteitä, jotka aiheuttavat maanjäristyksiä. Tällaisia lähteitä ovat esimerkiksi vulkaaninen aktiivisuus, ilmakehään liittyvät ilmiöt tai valtamerten käyttäytyminen. He esittävät tieteellisiä havaintoja, jotta rakenteisiin ja infrastruktuuriin kohdistuvia vaaroja voitaisiin ehkäistä.",http://data.europa.eu/esco/occupation/c6196b21-20f9-4608-83fb-6f143afc740d,geologi
Occupation,http://data.europa.eu/esco/occupation/bac64fa2-dcd6-47bb-8e5c-04e04a86a199,maantieteilijä,released,,"Maantieteilijät tutkivat ihmisiä ja fyysistä maantiedettä. He tarkastelevat erikoistumisensa mukaan ihmiskunnan poliittisia, taloudellisia ja kulttuurisia näkökohtia, jotka liittyvät maantieteeseen. Lisäksi he tutkivat fyysiseen maantieteeseen sisältyviä maanmuodostumia, maaperää, luonnollisia rajoja ja vesivirtoja.",http://data.europa.eu/esco/isco/C2632,Yhteiskunta- ja kulttuuritutkijat
Occupation,http://data.europa.eu/esco/occupation/bb609566-3ab6-44dd-8f48-cf0b15b96827,automaatioinsinööri,released,,"Automaatioinsinöörien tutkivat, suunnittelevat ja kehittävät tuotantoprosessin automatisointiin tarkoitettuja sovelluksia ja järjestelmiä. He hyödyntävät teknologiaa ja vähentävät tarvittaessa ihmisen työpanosta, jotta teollisuusrobotiikan täysi potentiaali saadaan käyttöön. Automaatioinsinöörit valvovat prosessia ja varmistavat, että kaikki järjestelmät toimivat turvallisesti ja sujuvasti.",http://data.europa.eu/esco/occupation/d7380260-1386-4e36-98b5-8115ca4a3536,tuotantoinsinööri
Occupation,http://data.europa.eu/esco/occupation/bc659adc-f42c-4ef6-89fe-fd030033f446,kosmologi,released,maailmankaikkeuden tutkija,"Kosmologit tutkivat koko maailmankaikkeutta eli sen alkuperää, kehittymistä ja lopullista kohtaloa. He käyttävät erilaisia työkaluja ja tieteellisiä välineitä, joilla tarkkaillaan ja tutkitaan muita galakseja ja astronomisia kohteita, kuten tähtiä, mustia aukkoja, planeettoja ja muita taivaankappaleita.",http://data.europa.eu/esco/isco/C2111,Fyysikot ja astronomit
Occupation,http://data.europa.eu/esco/occupation/be3c021d-bd93-45a0-ad32-e8fa8e0d17ef,nykykielten lehtori,released,nykykielten professori | nykykielten opettaja,"Nykykielten lehtorit ovat yleensä professoreita, opettajia tai lehtoreita, jotka ovat suorittaneet ylemmän toisen asteen tutkinnon omalla erikoisalallaan eli nykykielissä, ja he antavat opetusta, joka on pääasiassa akateemista. He tekevät yhteistyötä tutkimusavustajien ja yliopiston opetusassistenttien kanssa luentojen ja tenttien valmistelemisessa, seminaaritöiden ja tenttien arvioinnissa sekä opiskelijoiden arviointi- ja palautetilaisuuksien järjestämisessä. He tekevät myös akateemista tutkimusta omalla nykykielten erikoisalallaan, julkaisevat havaintojaan ja tekevät yhteistyötä muiden yliopistokollegojen kanssa.",http://data.europa.eu/esco/occupation/684fd8d5-9b40-4b02-a680-438f0082d923,"lehtori, yliopistot ja korkeakoulut"
Occupation,http://data.europa.eu/esco/occupation/bfc92738-128b-44f5-92d4-51b10df17961,filosofi,released,,"Filosofit tutkivat yleisiä ja rakenteellisia ongelmista, jotka liittyvät yhteiskuntaan, ihmisiin ja yksilöihin, ja väittelevät niistä. Heillä on hyvät rationaaliset ja väittelytaidot, joiden pohjalta he voivat osallistua olemassaoloon, arvojärjestelmiin, tietoon tai todellisuuteen liittyviin keskusteluihin. He tukeutuvat keskusteluissa logiikkaan, mikä johtaa keskustelun syvenemiseen ja abstrahointiin.",http://data.europa.eu/esco/isco/C2633,"Historioitsijat, politiikan tutkijat ja filosofit"
Occupation,http://data.europa.eu/esco/occupation/bff7e8a3-6206-4d38-b25f-fcb6e634c7af,arkeologian lehtori,released,arkeologian professori | arkeologian opettaja,"Arkeologian lehtorit ovat yleensä professoreita, opettajia tai lehtoreita, jotka ovat suorittaneet ylemmän toisen asteen tutkinnon omalla erikoisalallaan eli arkeologiassa, ja he antavat opetusta, joka on pääasiassa akateemista. He tekevät yhteistyötä tutkimusavustajien ja yliopiston opetusassistenttien kanssa luentojen ja tenttien valmistelemisessa, seminaaritöiden ja tenttien arvioinnissa sekä opiskelijoiden arviointi- ja palautetilaisuuksien järjestämisessä. He tekevät myös akateemista tutkimusta omalla arkeologian erikoisalallaan, julkaisevat havaintojaan ja tekevät yhteistyötä muiden yliopistokollegojen kanssa.",http://data.europa.eu/esco/occupation/684fd8d5-9b40-4b02-a680-438f0082d923,"lehtori, yliopistot ja korkeakoulut"
Occupation,http://data.europa.eu/esco/occupation/c25b3700-6095-42b7-99fc-b87dc326c044,maataloustutkija,released,,"Maataloustutkijat tutkivat ja opiskelevat maaperää, eläimiä ja kasveja. Heidän tavoitteenaan on parantaa maatalouden prosesseja, maataloustuotteiden laatua tai maatalouden tuotantoprosessien ympäristövaikutuksia. He suunnittelevat ja toteuttavat esimerkiksi kehityshankkeiden kaltaisia hankkeita asiakkaiden tai laitosten toimeksiannosta.",http://data.europa.eu/esco/isco/C2132,"Maa-, metsä- ja kalatalouden erityisasiantuntijat"
Occupation,http://data.europa.eu/esco/occupation/c262bb96-03bb-4c97-a45b-0cf36db5b048,assistentti,released,,"Assistentit jakavat yliopiston tai korkeakoulun lehtoreiden työmäärää ja osallistuvat etenkin opiskelijoille luennoimiseen. He valmistelevat luentoja ja opettavat kursseilla sekä pitävät opiskelijoille henkilökohtaisia arviointikeskusteluja. Usein he yhdistävät luennot ja muut akateemiset tehtävät omaan tutkimukseensa, jota he tekevät kyseisellä alalla. Assistentit tekevät itsenäistä ja kokoaikaista työtä huolimatta siitä, että nimike saattaa antaa vaikutelman vähemmän itsenäisestä työstä.",http://data.europa.eu/esco/occupation/684fd8d5-9b40-4b02-a680-438f0082d923,"lehtori, yliopistot ja korkeakoulut"
Occupation,http://data.europa.eu/esco/occupation/c3b82711-273d-4fa8-8de7-0ac3d99c16fc,tietojenkäsittelytieteen lehtori,released,tietojenkäsittelytieteen opettaja | tietojenkäsittelytieteen professori,"Tietojenkäsittelytieteen lehtorit ovat yleensä professoreita, opettajia tai lehtoreita, jotka ovat suorittaneet ylemmän toisen asteen tutkinnon omalla erikoisalallaan eli tietojenkäsittelytieteessä, ja he antavat opetusta, joka on pääasiassa akateemista. He tekevät yhteistyötä tutkimusavustajien ja yliopiston opetusassistenttien kanssa luentojen ja tenttien valmistelemisessa, seminaaritöiden ja tenttien arvioinnissa sekä opiskelijoiden arviointi- ja palautetilaisuuksien järjestämisessä. He tekevät myös akateemista tutkimusta omalla tietojenkäsittelytieteen erikoisalallaan, julkaisevat havaintojaan ja tekevät yhteistyötä muiden yliopistokollegojen kanssa.",http://data.europa.eu/esco/occupation/684fd8d5-9b40-4b02-a680-438f0082d923,"lehtori, yliopistot ja korkeakoulut"
Occupation,http://data.europa.eu/esco/occupation/c549f0de-c415-428e-865c-973bcd224b39,lingvistiikan lehtori,released,lingvistiikan professori | lingvistiikan opettaja,"Lingvistiikan lehtorit ovat yleensä professoreita, opettajia tai lehtoreita, jotka ovat suorittaneet ylemmän toisen asteen tutkinnon omalla erikoisalallaan eli lingvistiikassa, ja he antavat opetusta, joka on pääasiassa akateemista. He tekevät yhteistyötä tutkimusavustajien ja yliopiston opetusassistenttien kanssa luentojen ja tenttien valmistelemisessa, seminaaritöiden ja tenttien arvioinnissa sekä opiskelijoiden arviointi- ja palautetilaisuuksien järjestämisessä. He tekevät myös akateemista tutkimusta omalla lingvistiikan erikoisalallaan, julkaisevat havaintojaan ja tekevät yhteistyötä muiden yliopistokollegojen kanssa.",http://data.europa.eu/esco/occupation/684fd8d5-9b40-4b02-a680-438f0082d923,"lehtori, yliopistot ja korkeakoulut"
Occupation,http://data.europa.eu/esco/occupation/c593ded7-2e97-44a5-a5f3-f6115ff98233,valtiotieteen lehtori,released,valtiotieteen opettaja | valtiotieteen professori | valtiotieteiden professori | valtiotieteiden opettaja | valtiotieteiden lehtori,"Valtiotieteen lehtorit ovat yleensä professoreita, opettajia tai lehtoreita, jotka ovat suorittaneet ylemmän toisen asteen tutkinnon omalla erikoisalallaan eli valtiotieteessä, ja he antavat opetusta, joka on pääasiassa akateemista. He tekevät yhteistyötä tutkimusavustajien ja yliopiston opetusassistenttien kanssa luentojen ja tenttien valmistelemisessa, seminaaritöiden ja tenttien arvioinnissa sekä opiskelijoiden arviointi- ja palautetilaisuuksien järjestämisessä. He tekevät myös akateemista tutkimusta omalla valtiotieteen erikoisalallaan, julkaisevat havaintojaan ja tekevät yhteistyötä muiden yliopistokollegojen kanssa.",http://data.europa.eu/esco/occupation/684fd8d5-9b40-4b02-a680-438f0082d923,"lehtori, yliopistot ja korkeakoulut"
Occupation,http://data.europa.eu/esco/occupation/c6196b21-20f9-4608-83fb-6f143afc740d,geologi,released,seismologi | kaivosgeologi | malminetsintägeologi | ympäristögeologi | hydrogeologi | rakennusgeologi | hydrologi,"Geologit tutkivat materiaaleja, joista maapallo on muodostunut. Heidän havaintonsa määräytyvät tutkimuksen tarkoituksen perusteella. Geologit tutkivat erikoistumisalansa perusteella sitä, miten maapallo on ajan mittaan muovautunut. He tutkivat myös geologisia kerrostumia, mineraalien laatua kaivostoimintaa ajatellen, maanjäristyksiä ja vulkaanista aktiivisuutta yksityisille palveluille ja muita vastaavia ilmiöitä.",http://data.europa.eu/esco/isco/C2114,Geologit ja geofyysikot
Occupation,http://data.europa.eu/esco/occupation/c8fa93eb-7c2c-42c3-b135-c2e825a6615e,testausinsinööri,released,,"Testausinsinöörit suunnittelevat ja toteuttavat yksityiskohtaisia laatutestejä suunnitteluprosessin eri vaiheissa sen varmistamiseksi, että järjestelmät on asennettu oikein ja että ne toimivat oikein. He analysoivat testien aikana kerättyjä tietoja ja laativat niiden perusteella raportteja. He ovat myös vastuussa testaustoimien turvallisuudesta.",http://data.europa.eu/esco/isco/C2149,Muut tekniikan erityisasiantuntijat
Occupation,http://data.europa.eu/esco/occupation/c90a6ebe-adcc-4395-9f5b-ff3e96e93cef,uskontotieteen lehtori,released,uskontotieteen opettaja | uskontotieteen professori | teologian professori | teologian lehtori | teologian opettaja,"Uskontotieteen lehtorit ovat yleensä professoreita, opettajia tai lehtoreita, jotka ovat suorittaneet ylemmän toisen asteen tutkinnon omalla erikoisalallaan eli uskontotieteessä, ja he antavat opetusta, joka on pääasiassa akateemista. He tekevät yhteistyötä tutkimusavustajien ja yliopiston opetusassistenttien kanssa luentojen ja tenttien valmistelemisessa, seminaaritöiden ja tenttien arvioinnissa sekä opiskelijoiden arviointi- ja palautetilaisuuksien järjestämisessä. He tekevät myös akateemista tutkimusta omalla uskontotieteen erikoisalallaan, julkaisevat havaintojaan ja tekevät yhteistyötä muiden yliopistokollegojen kanssa.",http://data.europa.eu/esco/occupation/684fd8d5-9b40-4b02-a680-438f0082d923,"lehtori, yliopistot ja korkeakoulut"
Occupation,http://data.europa.eu/esco/occupation/d7d986e1-7333-431b-9719-0c5c6939e360,maa- ja vesirakennusinsinööri,released,tie- ja vesirakennusinsinööri,"Maa- ja vesirakennusinsinöörit mallintavat, suunnittelevat ja kehittävät teknisiä spesifikaatioita infrastruktuuri- ja rakennushankkeisiin. He soveltavat teknistä tietämystä hyvin monenlaisiin hankkeisiin, jotka vaihtelevat liikenneinfrastruktuurin, asuntojen ja luksusrakennusten rakentamisesta luontokohteiden rakentamiseen. He laativat suunnitelmia, joilla pyritään optimoimaan materiaalien käyttö ja sovittamaan spesifikaatiot, resurssien kohdentaminen ja aikarajoitukset toisiinsa.",http://data.europa.eu/esco/isco/C2142,Maa- ja vesirakentamisen erityisasiantuntijat
Occupation,http://data.europa.eu/esco/occupation/dab9c6dd-8efb-4fe2-8b10-477ef2bcfd8b,matematiikan lehtori,released,matematiikan tohtori | matematiikan opettaja,"Matematiikan lehtorit ovat suorittaneet ylemmän toisen asteen tutkinnon omalla erikoisalallaan eli matematiikassa, ja he antavat opetusta, joka on pääasiassa akateemista. He tekevät yhteistyötä tutkimusavustajien ja yliopiston opetusassistenttien kanssa luentojen ja tenttien valmistelemisessa, seminaaritöiden ja tenttien arvioinnissa sekä opiskelijoiden arviointi- ja palautetilaisuuksien järjestämisessä. He tekevät myös akateemista tutkimusta omalla matematiikan erikoisalallaan, julkaisevat havaintojaan ja tekevät yhteistyötä muiden yliopistokollegojen kanssa.",http://data.europa.eu/esco/occupation/684fd8d5-9b40-4b02-a680-438f0082d923,"lehtori, yliopistot ja korkeakoulut"
Occupation,http://data.europa.eu/esco/occupation/e14548c8-c2b9-4ef8-8670-d5967d7ad804,yhdyskuntasuunnittelija,released,kaupunkisuunnittelija | älykäs kaupunkisuunnittelija | aluesuunnittelija,"Yhdyskuntasuunnittelijat laativat suunnitelmia suurille kaupungeille, kaupunkialueille, pienille kaupungeille ja alueille. He tutkivat yhteisön tai alueen tarpeita (talous, yhteiskunta, liikenne) ja arvioivat muita parametreja, kuten kestävyyttä, jotta voidaan esittää hyvin suunniteltuja ohjelmia, joiden tavoitteena on alueen parantaminen.",http://data.europa.eu/esco/isco/C2164,Yhdyskunta- ja liikennesuunnittelijat
Occupation,http://data.europa.eu/esco/occupation/e3229e40-f571-4b26-baca-29edc8fe313e,tietojenkäsittelytieteilijä,released,atk-tutkijat | atk-tutkija   tietokonetutkija | tietokonetutkijat,"Tietojenkäsittelytieteilijät tekevät tietokone- ja informaatiotieteen tutkimusta, jonka tarkoituksena on tieto- ja viestintätekniikkaan liittyvien osa-alueiden perusteellinen tuntemus ja ymmärrys. He laativat tutkimusraportteja ja -ehdotuksia. Tietojenkäsittelytieteilijät myös keksivät ja suunnittelevat uusia lähestymistapoja tekniikkaan, etsivät innovatiivista käyttöä olemassa olevalle teknologialle ja tutkimuksille ja ratkaisevat monimutkaisia tietojenkäsittelyongelmia.",http://data.europa.eu/esco/isco/C2511,Sovellusarkkitehdit
Occupation,http://data.europa.eu/esco/occupation/e3cc09ba-7ad5-4411-940c-20613000863a,"erityisasiantuntija, luonnonvarojen suojelu ja hoito",released,,"Luonnonvarojen suojelun ja hoidon erityisasiantuntijat ylläpitävät tiettyjen metsien, puistojen ja muiden luonnonvarojen laatua. He suojelevat luonnonvaraisten eläinten elinympäristöä, luonnon monimuotoisuutta, maisemia ja muita suojeltujen maa-alueiden ainutlaatuisia ominaisuuksia. Luonnonvarojen suojelun ja hoidon erityisasiantuntijat tekevät kenttätyötä.",http://data.europa.eu/esco/isco/C2133,Ympäristön- ja luonnonsuojelun erityisasiantuntijat
Occupation,http://data.europa.eu/esco/occupation/e74513c3-8ba8-462f-978c-0450522f4427,kemian lehtori,released,kemian professori | kemian opettaja,"Kemian lehtorit ovat yleensä professoreita, opettajia tai lehtoreita, jotka ovat suorittaneet ylemmän toisen asteen tutkinnon omalla erikoisalallaan eli kemiassa, ja he antavat opetusta, joka on pääasiassa akateemista. He tekevät yhteistyötä tutkimusavustajien ja yliopiston opetusassistenttien kanssa luentojen ja tenttien valmistelemisessa, laboratorioharjoitusten ohjaamisessa, seminaaritöiden ja tenttien arvioinnissa sekä opiskelijoiden arviointi- ja palautetilaisuuksien järjestämisessä. He tekevät myös akateemista tutkimusta omalla kemian erikoisalallaan, julkaisevat havaintojaan ja tekevät yhteistyötä muiden yliopistokollegojen kanssa.",http://data.europa.eu/esco/occupation/684fd8d5-9b40-4b02-a680-438f0082d923,"lehtori, yliopistot ja korkeakoulut"
Occupation,http://data.europa.eu/esco/occupation/e9f50268-4dab-4579-90c2-2ff219eb56f1,insinööritieteiden lehtori,released,insinööritieteiden professori | insinööritieteiden opettaja,"Insinööritieteiden lehtorit ovat yleensä professoreita, opettajia tai lehtoreita, jotka ovat suorittaneet ylemmän toisen asteen tutkinnon omalla erikoisalallaan eli insinööritieteissä, ja he antavat opetusta, joka on pääasiassa akateemista. He tekevät yhteistyötä tutkimusavustajien ja yliopiston opetusassistenttien kanssa luentojen ja tenttien valmistelemisessa, laboratorioharjoitusten ohjaamisessa, seminaaritöiden ja tenttien arvioinnissa sekä opiskelijoiden arviointi- ja palautetilaisuuksien järjestämisessä. He tekevät myös akateemista tutkimusta omalla insinööritieteiden erikoisalallaan, julkaisevat havaintojaan ja tekevät yhteistyötä muiden yliopistokollegojen kanssa.",http://data.europa.eu/esco/occupation/684fd8d5-9b40-4b02-a680-438f0082d923,"lehtori, yliopistot ja korkeakoulut"
Occupation,http://data.europa.eu/esco/occupation/eee68e13-8248-43bb-a9fb-959832a6c217,biologi,released,luonnonsuojelubiologi | kasvitietelijä | ornitologi | mykologi | bioteknikko | eläintieteilijä | entomologi | herpetologi | ympäristötietelijä,"Biologit tutkivat eläviä organismeja ja elämää laajemminkin ympäristöönsä yhdistettynä. Tutkimuksen avulla he pyrkivät selittämään organismien toimintamekanismeja, vuorovaikutusta ja kehitystä.",http://data.europa.eu/esco/isco/C2131,"Biologit, kasvi- ja eläintieteilijät ym. erityisasiantuntijat"
Occupation,http://data.europa.eu/esco/occupation/f3d8bc61-f812-4106-afd2-a356e4c11fce,kirjallisuustieteilijä,released,kirjallisuustieteen tutkija,"Kirjallisuustieteilijät tutkivat kirjallisia teoksia, kirjallisuushistoriaa, kirjallisuuden lajeja ja kirjallisuuskritiikkiä, jotta he voivat arvioida teoksia ja niihin liittyviä tekijöitä asianmukaisessa kontekstissa ja tuottaa tutkimustuloksia kirjallisuusalan aiheista.",http://data.europa.eu/esco/isco/C2641,Kirjailijat ym.
Occupation,http://data.europa.eu/esco/occupation/f3e23761-0663-4ae0-97a2-0b2dd3fa38a1,biokemian insinööri,released,biotekniikan insinööri,"Biokemian insinöörit tekevät biotieteisiin liittyvää tutkimusta, ja heidän tavoitteenaan on saada uusia tuloksia. He muuttavat nämä tulokset kemiallisiksi ratkaisuiksi, joilla voidaan parantaa yhteiskunnan hyvinvointia (tällaisia ratkaisuja ovat esimerkiksi rokotteet, kudosten korjaus, satojen parantaminen ja vihreän teknologian kehitys, kuten luonnonvaroista saatavat puhtaammat polttoaineet).",http://data.europa.eu/esco/occupation/ec21ce88-ce14-49b6-be0a-cc53cf5a3a67,kemian insinööri
Occupation,http://data.europa.eu/esco/occupation/fa5b9075-3796-4e86-be0a-b5e6d725c25a,metrologi,released,,"Metrologit tutkivat ja harjoittavat mittaukseen liittyvää tieteenalaa. He kehittävät tieteessä käytettäväksi tarkoitettuja kvantitatiivisia järjestelmiä, mittayksiköitä ja mittausmenetelmiä. Metrologit kehittävät uusia menetelmiä ja välineitä, joiden avulla informaatiota voidaan kvantifioida ja ymmärtää paremmin.",http://data.europa.eu/esco/isco/C2112,Meteorologit
Occupation,http://data.europa.eu/esco/occupation/fbc9ab3e-18f1-4b7b-8cd5-d6374ed5e9a9,klassisten kielten lehtori,released,kreikan kielen opettaja | klassisten kielten professori | kreikan kielen professori | latinan kielen opettaja | latinan kielen lehtori | kreikan kielen lehtori | klassisten kielten opettaja | latinan kielen professori,"Klassisten kielten lehtorit ovat yleensä professoreita, opettajia tai lehtoreita, jotka ovat suorittaneet ylemmän toisen asteen tutkinnon omalla erikoisalallaan eli klassisissa kielissä, ja he antavat opetusta, joka on pääasiassa akateemista. He tekevät yhteistyötä tutkimusavustajien ja yliopiston opetusassistenttien kanssa luentojen ja tenttien valmistelemisessa, seminaaritöiden ja tenttien arvioinnissa sekä opiskelijoiden arviointi- ja palautetilaisuuksien järjestämisessä. He tekevät myös akateemista tutkimusta omalla klassisten kielten erikoisalallaan, julkaisevat havaintojaan ja tekevät yhteistyötä muiden yliopistokollegojen kanssa.",http://data.europa.eu/esco/occupation/684fd8d5-9b40-4b02-a680-438f0082d923,"lehtori, yliopistot ja korkeakoulut"
Occupation,http://data.europa.eu/esco/occupation/ff656b3a-65a8-4b4f-b04e-9db12936519b,väestötieteilijä,released,väestötutkija,"Väestötieteilijät tutkivat monenlaisia väestöön liittyviä parametreja. Havaintojensa pohjalta he laativat tilastollisia analyyseja syntyvyyden, vanhusten, avioliittojen ja avioerojen, työllisyyden, kuolleisuuden, maahanmuuton ja niihin liittyvien asioiden kehityksestä ja muutoksista.",http://data.europa.eu/esco/isco/C2120,"Matemaatikot, aktuaarit ja tilastotieteilijät"
